OVERVIEW_CSV,/nfs/scratch/bzchartu/unsat_2018_solved/ae_rphp035_05.cnf,	Maximum resident set size (kbytes): 2892856,	Elapsed (wall clock) time (h:mm:ss or m:ss): 8:13.96,0,0,1770872	/local_ssd/proof.lrat,	Elapsed (wall clock) time (h:mm:ss or m:ss): 0:42.01,c restarts              : 16535,c decisions             : 38522778       (0.00 % random) (84478 /sec),c conflicts             : 9969428        (21862 /sec),c propagations          : 254450008      (557995 /sec),Marking proof: 7.108 seconds,c Dumping LRAT: 25.732 seconds,c Analyze time: 	32.844 seconds,c Analyze used disk storage:	2903.36 MB
OVERVIEW_CSV,/nfs/scratch/bzchartu/unsat_2018_solved/ae_rphp045_05.cnf,	Maximum resident set size (kbytes): 10522260,	Elapsed (wall clock) time (h:mm:ss or m:ss): 31:29.12,0,0,7084492	/local_ssd/proof.lrat,	Elapsed (wall clock) time (h:mm:ss or m:ss): 2:39.90,c restarts              : 54536,c decisions             : 198127582      (0.00 % random) (115369 /sec),c conflicts             : 39084363       (22759 /sec),c propagations          : 1243317846     (723979 /sec),Marking proof: 27.732 seconds,c Dumping LRAT: 97.308 seconds,c Analyze time: 	125.04 seconds,c Analyze used disk storage:	10647 MB
OVERVIEW_CSV,/nfs/scratch/bzchartu/unsat_2018_solved/ae_rphp055_04.cnf,	Maximum resident set size (kbytes): 1147560,	Elapsed (wall clock) time (h:mm:ss or m:ss): 3:10.06,0,0,641716	/local_ssd/proof.lrat,	Elapsed (wall clock) time (h:mm:ss or m:ss): 0:15.37,c restarts              : 5896,c decisions             : 30645651       (0.00 % random) (175515 /sec),c conflicts             : 3268445        (18719 /sec),c propagations          : 124923735      (715469 /sec),Marking proof: 2.348 seconds,c Dumping LRAT: 9.12 seconds,c Analyze time: 	11.468 seconds,c Analyze used disk storage:	1112.11 MB
OVERVIEW_CSV,/nfs/scratch/bzchartu/unsat_2018_solved/ae_rphp075_04.cnf,	Maximum resident set size (kbytes): 5773980,	Elapsed (wall clock) time (h:mm:ss or m:ss): 19:50.80,0,0,3360536	/local_ssd/proof.lrat,	Elapsed (wall clock) time (h:mm:ss or m:ss): 1:18.79,c restarts              : 22181,c decisions             : 176370626      (0.00 % random) (160969 /sec),c conflicts             : 14704402       (13420 /sec),c propagations          : 671867806      (613195 /sec),Marking proof: 12.436 seconds,c Dumping LRAT: 51.964 seconds,c Analyze time: 	64.4 seconds,c Analyze used disk storage:	5745.62 MB
OVERVIEW_CSV,/nfs/scratch/bzchartu/unsat_2018_solved/ae_rphp095_04.cnf,	Maximum resident set size (kbytes): 18546172,	Elapsed (wall clock) time (h:mm:ss or m:ss): 1:06:50,0,0,11398376	/local_ssd/proof.lrat,	Elapsed (wall clock) time (h:mm:ss or m:ss): 4:10.39,c restarts              : 59782,c decisions             : 548859257      (0.00 % random) (148556 /sec),c conflicts             : 42708766       (11560 /sec),c propagations          : 2298207270     (622042 /sec),Marking proof: 42.576 seconds,c Dumping LRAT: 157.068 seconds,c Analyze time: 	199.644 seconds,c Analyze used disk storage:	18782.5 MB
OVERVIEW_CSV,/nfs/scratch/bzchartu/unsat_2018_solved/a_rphp035_05.cnf,	Maximum resident set size (kbytes): 4539544,	Elapsed (wall clock) time (h:mm:ss or m:ss): 16:30.85,0,0,2805752	/local_ssd/proof.lrat,	Elapsed (wall clock) time (h:mm:ss or m:ss): 1:07.95,c restarts              : 20002,c decisions             : 64986106       (0.00 % random) (70442 /sec),c conflicts             : 13286829       (14402 /sec),c propagations          : 361381805      (391723 /sec),Marking proof: 11.52 seconds,c Dumping LRAT: 42.116 seconds,c Analyze time: 	53.636 seconds,c Analyze used disk storage:	4549.61 MB
OVERVIEW_CSV,/nfs/scratch/bzchartu/unsat_2018_solved/a_rphp045_05.cnf,	Maximum resident set size (kbytes): 20860708,	Elapsed (wall clock) time (h:mm:ss or m:ss): 1:15:38,0,0,13542108	/local_ssd/proof.lrat,	Elapsed (wall clock) time (h:mm:ss or m:ss): 5:27.21,c restarts              : 68032,c decisions             : 342306611      (0.00 % random) (82261 /sec),c conflicts             : 53722306       (12910 /sec),c propagations          : 1752563899     (421165 /sec),Marking proof: 58.488 seconds,c Dumping LRAT: 203.876 seconds,c Analyze time: 	262.364 seconds,c Analyze used disk storage:	21189.9 MB
OVERVIEW_CSV,/nfs/scratch/bzchartu/unsat_2018_solved/a_rphp055_04.cnf,	Maximum resident set size (kbytes): 1371888,	Elapsed (wall clock) time (h:mm:ss or m:ss): 4:03.37,0,0,768480	/local_ssd/proof.lrat,	Elapsed (wall clock) time (h:mm:ss or m:ss): 0:18.39,c restarts              : 6290,c decisions             : 34921201       (0.00 % random) (154979 /sec),c conflicts             : 3596980        (15963 /sec),c propagations          : 129864665      (576336 /sec),Marking proof: 2.788 seconds,c Dumping LRAT: 11.912 seconds,c Analyze time: 	14.7 seconds,c Analyze used disk storage:	1330.18 MB
OVERVIEW_CSV,/nfs/scratch/bzchartu/unsat_2018_solved/a_rphp065_04.cnf,	Maximum resident set size (kbytes): 3022352,	Elapsed (wall clock) time (h:mm:ss or m:ss): 10:03.75,0,0,1734728	/local_ssd/proof.lrat,	Elapsed (wall clock) time (h:mm:ss or m:ss): 0:41.48,c restarts              : 12519,c decisions             : 86381253       (0.00 % random) (153281 /sec),c conflicts             : 7816243        (13870 /sec),c propagations          : 314674975      (558382 /sec),Marking proof: 6.408 seconds,c Dumping LRAT: 26.352 seconds,c Analyze time: 	32.76 seconds,c Analyze used disk storage:	2992.98 MB
OVERVIEW_CSV,/nfs/scratch/bzchartu/unsat_2018_solved/a_rphp085_04.cnf,	Maximum resident set size (kbytes): 10688184,	Elapsed (wall clock) time (h:mm:ss or m:ss): 37:17.88,0,0,6187800	/local_ssd/proof.lrat,	Elapsed (wall clock) time (h:mm:ss or m:ss): 2:26.34,c restarts              : 32950,c decisions             : 304317229      (0.00 % random) (147057 /sec),c conflicts             : 24432958       (11807 /sec),c propagations          : 1145529506     (553563 /sec),Marking proof: 25.1 seconds,c Dumping LRAT: 93.6 seconds,c Analyze time: 	118.7 seconds,c Analyze used disk storage:	10788.6 MB
OVERVIEW_CSV,/nfs/scratch/bzchartu/unsat_2018_solved/a_rphp098_04.cnf,	Maximum resident set size (kbytes): 23895592,	Elapsed (wall clock) time (h:mm:ss or m:ss): 1:34:07,0,0,12464604	/local_ssd/proof.lrat,	Elapsed (wall clock) time (h:mm:ss or m:ss): 4:53.46,c restarts              : 65711,c decisions             : 585704607      (0.00 % random) (118514 /sec),c conflicts             : 47933507       (9699 /sec),c propagations          : 2358290473     (477188 /sec),Marking proof: 52.668 seconds,c Dumping LRAT: 233.36 seconds,c Analyze time: 	286.028 seconds,c Analyze used disk storage:	24264 MB
OVERVIEW_CSV,/nfs/scratch/bzchartu/unsat_2018_solved/assoc_mult_err_3.c.cnf,	Maximum resident set size (kbytes): 2241260,	Elapsed (wall clock) time (h:mm:ss or m:ss): 2:09.53,0,0,1559016	/local_ssd/proof.lrat,	Elapsed (wall clock) time (h:mm:ss or m:ss): 0:32.98,c restarts              : 1165,c decisions             : 1170998        (0.00 % random) (12806 /sec),c conflicts             : 482041         (5271 /sec),c propagations          : 208812560      (2283502 /sec),Marking proof: 15.936 seconds,c Dumping LRAT: 16.084 seconds,c Analyze time: 	32.02 seconds,c Analyze used disk storage:	2246.87 MB
OVERVIEW_CSV,/nfs/scratch/bzchartu/unsat_2018_solved/avg_true-unreach-call.i.cnf,	Maximum resident set size (kbytes): 39386164,	Elapsed (wall clock) time (h:mm:ss or m:ss): 53:07.86,0,0,3468028	/local_ssd/proof.lrat,	Elapsed (wall clock) time (h:mm:ss or m:ss): 1:11.73,c restarts              : 37553,c decisions             : 42775530       (0.00 % random) (13973 /sec),c conflicts             : 27305644       (8920 /sec),c propagations          : 6720460283     (2195313 /sec),Marking proof: 28.668 seconds,c Dumping LRAT: 40.236 seconds,c Analyze time: 	68.904 seconds,c Analyze used disk storage:	40145.3 MB
OVERVIEW_CSV,/nfs/scratch/bzchartu/unsat_2018_solved/by-X-2-7-100.cnf,	Maximum resident set size (kbytes): 951692,	Elapsed (wall clock) time (h:mm:ss or m:ss): 19:06.14,0,0,397528	/local_ssd/proof.lrat,	Elapsed (wall clock) time (h:mm:ss or m:ss): 0:09.52,c restarts              : 1322,c decisions             : 945345         (0.00 % random) (831 /sec),c conflicts             : 562713         (495 /sec),c propagations          : 1726714072     (1518530 /sec),Marking proof: 2.308 seconds,c Dumping LRAT: 4.288 seconds,c Analyze time: 	6.596 seconds,c Analyze used disk storage:	788.211 MB
OVERVIEW_CSV,/nfs/scratch/bzchartu/unsat_2018_solved/cms-scheel-md4-families-r24-c5-p1-5-10-12-18.cnf,	Maximum resident set size (kbytes): 738752,	Elapsed (wall clock) time (h:mm:ss or m:ss): 1:01.63,0,0,2356	/local_ssd/proof.lrat,	Elapsed (wall clock) time (h:mm:ss or m:ss): 0:00.16,c restarts              : 3138,c decisions             : 5832902        (0.00 % random) (96335 /sec),c conflicts             : 1599392        (26415 /sec),c propagations          : 108288536      (1788474 /sec),Marking proof: 0.004 seconds,c Dumping LRAT: 0.236 seconds,c Analyze time: 	0.24 seconds,c Analyze used disk storage:	674.142 MB
OVERVIEW_CSV,/nfs/scratch/bzchartu/unsat_2018_solved/cms-scheel-md4-families-r24-c5-p1-8-9-16-19.cnf,	Maximum resident set size (kbytes): 1130744,	Elapsed (wall clock) time (h:mm:ss or m:ss): 1:51.31,0,0,1444	/local_ssd/proof.lrat,	Elapsed (wall clock) time (h:mm:ss or m:ss): 0:00.09,c restarts              : 4282,c decisions             : 8547996        (0.00 % random) (77811 /sec),c conflicts             : 2509418        (22843 /sec),c propagations          : 185835577      (1691629 /sec),Marking proof: 0.008 seconds,c Dumping LRAT: 0.352 seconds,c Analyze time: 	0.36 seconds,c Analyze used disk storage:	1048.41 MB
OVERVIEW_CSV,/nfs/scratch/bzchartu/unsat_2018_solved/cms-scheel-md4-families-r24-c6-p0-5-10-11-17-18.cnf,	Maximum resident set size (kbytes): 1210236,	Elapsed (wall clock) time (h:mm:ss or m:ss): 1:58.28,0,0,4924	/local_ssd/proof.lrat,	Elapsed (wall clock) time (h:mm:ss or m:ss): 0:00.22,c restarts              : 4823,c decisions             : 9067195        (0.00 % random) (77777 /sec),c conflicts             : 2749830        (23587 /sec),c propagations          : 169354367      (1452688 /sec),Marking proof: 0.008 seconds,c Dumping LRAT: 0.408 seconds,c Analyze time: 	0.416 seconds,c Analyze used disk storage:	1135.16 MB
OVERVIEW_CSV,/nfs/scratch/bzchartu/unsat_2018_solved/cms-scheel-md4-families-r24-c6-p2-4-9-16-17-19.cnf,	Maximum resident set size (kbytes): 287236,	Elapsed (wall clock) time (h:mm:ss or m:ss): 0:19.64,0,0,2056	/local_ssd/proof.lrat,	Elapsed (wall clock) time (h:mm:ss or m:ss): 0:00.15,c restarts              : 1090,c decisions             : 2934411        (0.00 % random) (152770 /sec),c conflicts             : 468064         (24368 /sec),c propagations          : 40626164       (2115065 /sec),Marking proof: 0.004 seconds,c Dumping LRAT: 0.092 seconds,c Analyze time: 	0.096 seconds,c Analyze used disk storage:	233.106 MB
OVERVIEW_CSV,/nfs/scratch/bzchartu/unsat_2018_solved/cms-scheel-md5-families-r24-c5-p6-11-15-16-19.cnf,	Maximum resident set size (kbytes): 12988804,	Elapsed (wall clock) time (h:mm:ss or m:ss): 33:50.50,0,0,11048	/local_ssd/proof.lrat,	Elapsed (wall clock) time (h:mm:ss or m:ss): 0:00.36,c restarts              : 32826,c decisions             : 55875850       (0.00 % random) (27893 /sec),c conflicts             : 22560436       (11262 /sec),c propagations          : 1998086974     (997428 /sec),Marking proof: 0.032 seconds,c Dumping LRAT: 3.324 seconds,c Analyze time: 	3.356 seconds,c Analyze used disk storage:	13108.5 MB
OVERVIEW_CSV,/nfs/scratch/bzchartu/unsat_2018_solved/cms-scheel-md5-families-r24-c7-p1-3-6-10-11-14-15.cnf,	Maximum resident set size (kbytes): 528860,	Elapsed (wall clock) time (h:mm:ss or m:ss): 1:01.30,0,0,2468	/local_ssd/proof.lrat,	Elapsed (wall clock) time (h:mm:ss or m:ss): 0:00.18,c restarts              : 2105,c decisions             : 6547972        (0.00 % random) (108217 /sec),c conflicts             : 955870         (15797 /sec),c propagations          : 149908651      (2477501 /sec),Marking proof: 0.004 seconds,c Dumping LRAT: 0.164 seconds,c Analyze time: 	0.168 seconds,c Analyze used disk storage:	455.62 MB
OVERVIEW_CSV,/nfs/scratch/bzchartu/unsat_2018_solved/cz-3-7-7.cnf,	Maximum resident set size (kbytes): 2714664,	Elapsed (wall clock) time (h:mm:ss or m:ss): 15:11.26,0,0,1954308	/local_ssd/proof.lrat,	Elapsed (wall clock) time (h:mm:ss or m:ss): 0:44.75,c restarts              : 5554,c decisions             : 3964894        (0.00 % random) (4564 /sec),c conflicts             : 3063867        (3527 /sec),c propagations          : 2205872133     (2539408 /sec),Marking proof: 11.984 seconds,c Dumping LRAT: 24.72 seconds,c Analyze time: 	36.704 seconds,c Analyze used disk storage:	2709.83 MB
OVERVIEW_CSV,/nfs/scratch/bzchartu/unsat_2018_solved/cz-alt-3-7.cnf,	Maximum resident set size (kbytes): 4723852,	Elapsed (wall clock) time (h:mm:ss or m:ss): 31:05.47,0,0,3473616	/local_ssd/proof.lrat,	Elapsed (wall clock) time (h:mm:ss or m:ss): 1:19.21,c restarts              : 8873,c decisions             : 6935623        (0.00 % random) (3884 /sec),c conflicts             : 5545851        (3105 /sec),c propagations          : 4365601965     (2444570 /sec),Marking proof: 23.524 seconds,c Dumping LRAT: 43.176 seconds,c Analyze time: 	66.7 seconds,c Analyze used disk storage:	4759.84 MB
OVERVIEW_CSV,/nfs/scratch/bzchartu/unsat_2018_solved/dist10.c.cnf,	Maximum resident set size (kbytes): 4278456,	Elapsed (wall clock) time (h:mm:ss or m:ss): 3:48.89,0,0,3187852	/local_ssd/proof.lrat,	Elapsed (wall clock) time (h:mm:ss or m:ss): 1:09.77,c restarts              : 2033,c decisions             : 1653467        (0.00 % random) (11401 /sec),c conflicts             : 888265         (6125 /sec),c propagations          : 340656272      (2348900 /sec),Marking proof: 39.412 seconds,c Dumping LRAT: 33.02 seconds,c Analyze time: 	72.432 seconds,c Analyze used disk storage:	4332.95 MB
OVERVIEW_CSV,/nfs/scratch/bzchartu/unsat_2018_solved/dist4.c.cnf,	Maximum resident set size (kbytes): 3584804,	Elapsed (wall clock) time (h:mm:ss or m:ss): 3:30.24,0,0,2694340	/local_ssd/proof.lrat,	Elapsed (wall clock) time (h:mm:ss or m:ss): 0:58.55,c restarts              : 1913,c decisions             : 1741795        (0.00 % random) (12505 /sec),c conflicts             : 851221         (6111 /sec),c propagations          : 333410226      (2393744 /sec),Marking proof: 31.2 seconds,c Dumping LRAT: 27.504 seconds,c Analyze time: 	58.704 seconds,c Analyze used disk storage:	3627.06 MB
OVERVIEW_CSV,/nfs/scratch/bzchartu/unsat_2018_solved/dist5.c.cnf,	Maximum resident set size (kbytes): 3963872,	Elapsed (wall clock) time (h:mm:ss or m:ss): 3:36.51,0,0,3013396	/local_ssd/proof.lrat,	Elapsed (wall clock) time (h:mm:ss or m:ss): 1:05.85,c restarts              : 1912,c decisions             : 1751878        (0.00 % random) (13229 /sec),c conflicts             : 867185         (6548 /sec),c propagations          : 328389911      (2479687 /sec),Marking proof: 36.264 seconds,c Dumping LRAT: 31.96 seconds,c Analyze time: 	68.224 seconds,c Analyze used disk storage:	4018.06 MB
OVERVIEW_CSV,/nfs/scratch/bzchartu/unsat_2018_solved/dist6.c.cnf,	Maximum resident set size (kbytes): 6249052,	Elapsed (wall clock) time (h:mm:ss or m:ss): 5:17.77,0,0,4642560	/local_ssd/proof.lrat,	Elapsed (wall clock) time (h:mm:ss or m:ss): 1:44.28,c restarts              : 2138,c decisions             : 1574940        (0.00 % random) (8790 /sec),c conflicts             : 973247         (5432 /sec),c propagations          : 403937636      (2254519 /sec),Marking proof: 72.268 seconds,c Dumping LRAT: 48.816 seconds,c Analyze time: 	121.084 seconds,c Analyze used disk storage:	6353.54 MB
OVERVIEW_CSV,/nfs/scratch/bzchartu/unsat_2018_solved/dist7.c.cnf,	Maximum resident set size (kbytes): 4801284,	Elapsed (wall clock) time (h:mm:ss or m:ss): 4:14.08,0,0,3627960	/local_ssd/proof.lrat,	Elapsed (wall clock) time (h:mm:ss or m:ss): 1:19.44,c restarts              : 1938,c decisions             : 1627454        (0.00 % random) (10695 /sec),c conflicts             : 855025         (5619 /sec),c propagations          : 346376449      (2276336 /sec),Marking proof: 46.868 seconds,c Dumping LRAT: 38.384 seconds,c Analyze time: 	85.252 seconds,c Analyze used disk storage:	4866.25 MB
OVERVIEW_CSV,/nfs/scratch/bzchartu/unsat_2018_solved/dist8.c.cnf,	Maximum resident set size (kbytes): 4636968,	Elapsed (wall clock) time (h:mm:ss or m:ss): 4:07.65,0,0,3573316	/local_ssd/proof.lrat,	Elapsed (wall clock) time (h:mm:ss or m:ss): 1:18.33,c restarts              : 2055,c decisions             : 1670184        (0.00 % random) (11176 /sec),c conflicts             : 897579         (6006 /sec),c propagations          : 371643523      (2486775 /sec),Marking proof: 43.996 seconds,c Dumping LRAT: 36.844 seconds,c Analyze time: 	80.84 seconds,c Analyze used disk storage:	4707.23 MB
OVERVIEW_CSV,/nfs/scratch/bzchartu/unsat_2018_solved/dist9.c.cnf,	Maximum resident set size (kbytes): 4610924,	Elapsed (wall clock) time (h:mm:ss or m:ss): 3:56.92,0,0,3433276	/local_ssd/proof.lrat,	Elapsed (wall clock) time (h:mm:ss or m:ss): 1:18.90,c restarts              : 1956,c decisions             : 1525112        (0.00 % random) (10486 /sec),c conflicts             : 866702         (5959 /sec),c propagations          : 322601537      (2218107 /sec),Marking proof: 45.804 seconds,c Dumping LRAT: 34.856 seconds,c Analyze time: 	80.66 seconds,c Analyze used disk storage:	4671.32 MB
OVERVIEW_CSV,/nfs/scratch/bzchartu/unsat_2018_solved/ecarev-110-1031-23-40-3.cnf,	Maximum resident set size (kbytes): 402412,	Elapsed (wall clock) time (h:mm:ss or m:ss): 0:29.51,0,0,20272	/local_ssd/proof.lrat,	Elapsed (wall clock) time (h:mm:ss or m:ss): 0:00.59,c restarts              : 828,c decisions             : 4703678        (0.00 % random) (163937 /sec),c conflicts             : 347407         (12108 /sec),c propagations          : 50410535       (1756954 /sec),Marking proof: 0.076 seconds,c Dumping LRAT: 0.284 seconds,c Analyze time: 	0.36 seconds,c Analyze used disk storage:	280.684 MB
OVERVIEW_CSV,/nfs/scratch/bzchartu/unsat_2018_solved/e_rphp035_05.cnf,	Maximum resident set size (kbytes): 3248068,	Elapsed (wall clock) time (h:mm:ss or m:ss): 8:57.70,0,0,2021904	/local_ssd/proof.lrat,	Elapsed (wall clock) time (h:mm:ss or m:ss): 0:48.03,c restarts              : 16906,c decisions             : 43819009       (0.00 % random) (89036 /sec),c conflicts             : 11618338       (23607 /sec),c propagations          : 285046276      (579183 /sec),Marking proof: 7.992 seconds,c Dumping LRAT: 28.792 seconds,c Analyze time: 	36.784 seconds,c Analyze used disk storage:	3251.29 MB
OVERVIEW_CSV,/nfs/scratch/bzchartu/unsat_2018_solved/e_rphp055_04.cnf,	Maximum resident set size (kbytes): 1074000,	Elapsed (wall clock) time (h:mm:ss or m:ss): 2:59.27,0,0,589296	/local_ssd/proof.lrat,	Elapsed (wall clock) time (h:mm:ss or m:ss): 0:14.37,c restarts              : 5612,c decisions             : 31240383       (0.00 % random) (187261 /sec),c conflicts             : 3118078        (18690 /sec),c propagations          : 121818749      (730206 /sec),Marking proof: 2.088 seconds,c Dumping LRAT: 8.352 seconds,c Analyze time: 	10.44 seconds,c Analyze used disk storage:	1036.57 MB
OVERVIEW_CSV,/nfs/scratch/bzchartu/unsat_2018_solved/e_rphp065_04.cnf,	Maximum resident set size (kbytes): 2389048,	Elapsed (wall clock) time (h:mm:ss or m:ss): 7:05.08,0,0,1397560	/local_ssd/proof.lrat,	Elapsed (wall clock) time (h:mm:ss or m:ss): 0:32.77,c restarts              : 11108,c decisions             : 77516909       (0.00 % random) (196496 /sec),c conflicts             : 6794116        (17222 /sec),c propagations          : 290726432      (736957 /sec),Marking proof: 5.208 seconds,c Dumping LRAT: 20.492 seconds,c Analyze time: 	25.7 seconds,c Analyze used disk storage:	2345.8 MB
OVERVIEW_CSV,/nfs/scratch/bzchartu/unsat_2018_solved/e_rphp096_04.cnf,	Maximum resident set size (kbytes): 17400100,	Elapsed (wall clock) time (h:mm:ss or m:ss): 1:01:31,0,0,11418232	/local_ssd/proof.lrat,	Elapsed (wall clock) time (h:mm:ss or m:ss): 4:09.67,c restarts              : 57354,c decisions             : 539169301      (0.00 % random) (158466 /sec),c conflicts             : 41514062       (12201 /sec),c propagations          : 2203350237     (647582 /sec),Marking proof: 41.488 seconds,c Dumping LRAT: 157.98 seconds,c Analyze time: 	199.468 seconds,c Analyze used disk storage:	17612 MB
OVERVIEW_CSV,/nfs/scratch/bzchartu/unsat_2018_solved/filter1_true-unreach-call.c.cnf,	Maximum resident set size (kbytes): 5360256,	Elapsed (wall clock) time (h:mm:ss or m:ss): 11:27.48,0,0,84040	/local_ssd/proof.lrat,	Elapsed (wall clock) time (h:mm:ss or m:ss): 0:02.95,c restarts              : 6079,c decisions             : 15850414       (0.00 % random) (23467 /sec),c conflicts             : 3354019        (4966 /sec),c propagations          : 2069698135     (3064240 /sec),Marking proof: 0.24 seconds,c Dumping LRAT: 1.816 seconds,c Analyze time: 	2.056 seconds,c Analyze used disk storage:	4974.37 MB
OVERVIEW_CSV,/nfs/scratch/bzchartu/unsat_2018_solved/filter_iir_true-unreach-call.c.cnf,	Maximum resident set size (kbytes): 2530396,	Elapsed (wall clock) time (h:mm:ss or m:ss): 11:49.30,0,0,168072	/local_ssd/proof.lrat,	Elapsed (wall clock) time (h:mm:ss or m:ss): 0:04.56,c restarts              : 2215,c decisions             : 8763749        (0.00 % random) (12501 /sec),c conflicts             : 1148152        (1638 /sec),c propagations          : 2415546527     (3445583 /sec),Marking proof: 1.024 seconds,c Dumping LRAT: 2.188 seconds,c Analyze time: 	3.212 seconds,c Analyze used disk storage:	2166.65 MB
OVERVIEW_CSV,/nfs/scratch/bzchartu/unsat_2018_solved/gto_p60c231_1.cnf,	Maximum resident set size (kbytes): 495516,	Elapsed (wall clock) time (h:mm:ss or m:ss): 0:55.75,0,0,329304	/local_ssd/proof.lrat,	Elapsed (wall clock) time (h:mm:ss or m:ss): 0:07.83,c restarts              : 2416,c decisions             : 1416857        (0.00 % random) (29233 /sec),c conflicts             : 1261662        (26031 /sec),c propagations          : 22636904       (467048 /sec),Marking proof: 1.86 seconds,c Dumping LRAT: 4.472 seconds,c Analyze time: 	6.332 seconds,c Analyze used disk storage:	480.582 MB
OVERVIEW_CSV,/nfs/scratch/bzchartu/unsat_2018_solved/gto_p60c231.cnf,	Maximum resident set size (kbytes): 436864,	Elapsed (wall clock) time (h:mm:ss or m:ss): 0:43.50,0,0,274424	/local_ssd/proof.lrat,	Elapsed (wall clock) time (h:mm:ss or m:ss): 0:06.58,c restarts              : 2076,c decisions             : 1238335        (0.00 % random) (32948 /sec),c conflicts             : 1106789        (29448 /sec),c propagations          : 19528819       (519605 /sec),Marking proof: 1.588 seconds,c Dumping LRAT: 3.664 seconds,c Analyze time: 	5.252 seconds,c Analyze used disk storage:	419.241 MB
OVERVIEW_CSV,/nfs/scratch/bzchartu/unsat_2018_solved/gto_p60c233.cnf,	Maximum resident set size (kbytes): 666048,	Elapsed (wall clock) time (h:mm:ss or m:ss): 1:11.50,0,0,444672	/local_ssd/proof.lrat,	Elapsed (wall clock) time (h:mm:ss or m:ss): 0:10.62,c restarts              : 3333,c decisions             : 1963196        (0.00 % random) (31559 /sec),c conflicts             : 1754648        (28206 /sec),c propagations          : 32014746       (514640 /sec),Marking proof: 2.536 seconds,c Dumping LRAT: 5.532 seconds,c Analyze time: 	8.072 seconds,c Analyze used disk storage:	658.149 MB
OVERVIEW_CSV,/nfs/scratch/bzchartu/unsat_2018_solved/gto_p60c234.cnf,	Maximum resident set size (kbytes): 942072,	Elapsed (wall clock) time (h:mm:ss or m:ss): 1:37.63,0,0,636708	/local_ssd/proof.lrat,	Elapsed (wall clock) time (h:mm:ss or m:ss): 0:15.03,c restarts              : 4117,c decisions             : 2710237        (0.00 % random) (32129 /sec),c conflicts             : 2435113        (28867 /sec),c propagations          : 42934428       (508967 /sec),Marking proof: 3.56 seconds,c Dumping LRAT: 8.124 seconds,c Analyze time: 	11.684 seconds,c Analyze used disk storage:	935.765 MB
OVERVIEW_CSV,/nfs/scratch/bzchartu/unsat_2018_solved/gto_p60c235.cnf,	Maximum resident set size (kbytes): 1455900,	Elapsed (wall clock) time (h:mm:ss or m:ss): 2:38.73,0,0,1017332	/local_ssd/proof.lrat,	Elapsed (wall clock) time (h:mm:ss or m:ss): 0:23.62,c restarts              : 6353,c decisions             : 4120297        (0.00 % random) (30184 /sec),c conflicts             : 3693778        (27059 /sec),c propagations          : 66032099       (483723 /sec),Marking proof: 5.704 seconds,c Dumping LRAT: 13.3 seconds,c Analyze time: 	19.004 seconds,c Analyze used disk storage:	1456.25 MB
OVERVIEW_CSV,/nfs/scratch/bzchartu/unsat_2018_solved/gto_p60c238.cnf,	Maximum resident set size (kbytes): 1494408,	Elapsed (wall clock) time (h:mm:ss or m:ss): 2:52.35,0,0,1059300	/local_ssd/proof.lrat,	Elapsed (wall clock) time (h:mm:ss or m:ss): 0:24.70,c restarts              : 6665,c decisions             : 4217945        (0.00 % random) (28072 /sec),c conflicts             : 3786924        (25203 /sec),c propagations          : 71347293       (474838 /sec),Marking proof: 6.016 seconds,c Dumping LRAT: 13.456 seconds,c Analyze time: 	19.472 seconds,c Analyze used disk storage:	1499.25 MB
OVERVIEW_CSV,/nfs/scratch/bzchartu/unsat_2018_solved/gto_p60c239.cnf,	Maximum resident set size (kbytes): 569088,	Elapsed (wall clock) time (h:mm:ss or m:ss): 1:09.69,0,0,384040	/local_ssd/proof.lrat,	Elapsed (wall clock) time (h:mm:ss or m:ss): 0:09.27,c restarts              : 2754,c decisions             : 1623708        (0.00 % random) (26479 /sec),c conflicts             : 1419377        (23147 /sec),c propagations          : 24598378       (401148 /sec),Marking proof: 1.972 seconds,c Dumping LRAT: 5.236 seconds,c Analyze time: 	7.208 seconds,c Analyze used disk storage:	555.036 MB
OVERVIEW_CSV,/nfs/scratch/bzchartu/unsat_2018_solved/gto_p60c241.cnf,	Maximum resident set size (kbytes): 514304,	Elapsed (wall clock) time (h:mm:ss or m:ss): 1:02.04,0,0,326496	/local_ssd/proof.lrat,	Elapsed (wall clock) time (h:mm:ss or m:ss): 0:07.80,c restarts              : 2554,c decisions             : 1496611        (0.00 % random) (27124 /sec),c conflicts             : 1302824        (23612 /sec),c propagations          : 25134568       (455534 /sec),Marking proof: 1.832 seconds,c Dumping LRAT: 4.156 seconds,c Analyze time: 	5.988 seconds,c Analyze used disk storage:	498.059 MB
OVERVIEW_CSV,/nfs/scratch/bzchartu/unsat_2018_solved/gto_p60c243.cnf,	Maximum resident set size (kbytes): 971132,	Elapsed (wall clock) time (h:mm:ss or m:ss): 1:57.29,0,0,672120	/local_ssd/proof.lrat,	Elapsed (wall clock) time (h:mm:ss or m:ss): 0:15.79,c restarts              : 4472,c decisions             : 2940082        (0.00 % random) (28616 /sec),c conflicts             : 2592407        (25232 /sec),c propagations          : 46224663       (449901 /sec),Marking proof: 3.784 seconds,c Dumping LRAT: 8.928 seconds,c Analyze time: 	12.716 seconds,c Analyze used disk storage:	971.443 MB
OVERVIEW_CSV,/nfs/scratch/bzchartu/unsat_2018_solved/huck.col.11.cnf,	Maximum resident set size (kbytes): 546796,	Elapsed (wall clock) time (h:mm:ss or m:ss): 1:13.58,0,0,337760	/local_ssd/proof.lrat,	Elapsed (wall clock) time (h:mm:ss or m:ss): 0:08.31,c restarts              : 3331,c decisions             : 2051027        (0.00 % random) (31607 /sec),c conflicts             : 1711008        (26367 /sec),c propagations          : 28532217       (439688 /sec),Marking proof: 1.508 seconds,c Dumping LRAT: 5.36 seconds,c Analyze time: 	6.868 seconds,c Analyze used disk storage:	529.932 MB
OVERVIEW_CSV,/nfs/scratch/bzchartu/unsat_2018_solved/mchess_15.cnf,	Maximum resident set size (kbytes): 406684,	Elapsed (wall clock) time (h:mm:ss or m:ss): 1:00.23,0,0,227296	/local_ssd/proof.lrat,	Elapsed (wall clock) time (h:mm:ss or m:ss): 0:05.57,c restarts              : 2857,c decisions             : 1827502        (0.00 % random) (33023 /sec),c conflicts             : 1460072        (26384 /sec),c propagations          : 25222043       (455765 /sec),Marking proof: 1.08 seconds,c Dumping LRAT: 3.104 seconds,c Analyze time: 	4.184 seconds,c Analyze used disk storage:	387.995 MB
OVERVIEW_CSV,/nfs/scratch/bzchartu/unsat_2018_solved/mchess_16.cnf,	Maximum resident set size (kbytes): 3524228,	Elapsed (wall clock) time (h:mm:ss or m:ss): 9:00.69,0,0,2527944	/local_ssd/proof.lrat,	Elapsed (wall clock) time (h:mm:ss or m:ss): 0:58.59,c restarts              : 19446,c decisions             : 15428248       (0.00 % random) (31867 /sec),c conflicts             : 13000028       (26851 /sec),c propagations          : 233857370      (483025 /sec),Marking proof: 12.528 seconds,c Dumping LRAT: 32.964 seconds,c Analyze time: 	45.492 seconds,c Analyze used disk storage:	3547.93 MB
OVERVIEW_CSV,/nfs/scratch/bzchartu/unsat_2018_solved/mchess_17.cnf,	Maximum resident set size (kbytes): 7322996,	Elapsed (wall clock) time (h:mm:ss or m:ss): 21:37.72,0,0,5402004	/local_ssd/proof.lrat,	Elapsed (wall clock) time (h:mm:ss or m:ss): 2:02.33,c restarts              : 37836,c decisions             : 33670343       (0.00 % random) (28646 /sec),c conflicts             : 27451435       (23355 /sec),c propagations          : 490933381      (417673 /sec),Marking proof: 25.912 seconds,c Dumping LRAT: 69.484 seconds,c Analyze time: 	95.396 seconds,c Analyze used disk storage:	7423.79 MB
OVERVIEW_CSV,/nfs/scratch/bzchartu/unsat_2018_solved/Nb27T6.cnf,	Maximum resident set size (kbytes): 890912,	Elapsed (wall clock) time (h:mm:ss or m:ss): 3:41.73,0,0,199888	/local_ssd/proof.lrat,	Elapsed (wall clock) time (h:mm:ss or m:ss): 0:04.47,c restarts              : 1652,c decisions             : 41767023       (0.00 % random) (192209 /sec),c conflicts             : 700292         (3223 /sec),c propagations          : 457141726      (2103736 /sec),Marking proof: 0.752 seconds,c Dumping LRAT: 1.952 seconds,c Analyze time: 	2.704 seconds,c Analyze used disk storage:	623.713 MB
OVERVIEW_CSV,/nfs/scratch/bzchartu/unsat_2018_solved/Nb29T6.cnf,	Maximum resident set size (kbytes): 879876,	Elapsed (wall clock) time (h:mm:ss or m:ss): 3:58.29,0,0,165868	/local_ssd/proof.lrat,	Elapsed (wall clock) time (h:mm:ss or m:ss): 0:03.92,c restarts              : 1315,c decisions             : 73509469       (0.00 % random) (314358 /sec),c conflicts             : 583330         (2495 /sec),c propagations          : 529357109      (2263758 /sec),Marking proof: 0.636 seconds,c Dumping LRAT: 1.74 seconds,c Analyze time: 	2.376 seconds,c Analyze used disk storage:	544.035 MB
OVERVIEW_CSV,/nfs/scratch/bzchartu/unsat_2018_solved/Nb37T6.cnf,	Maximum resident set size (kbytes): 1635476,	Elapsed (wall clock) time (h:mm:ss or m:ss): 8:31.69,0,0,195076	/local_ssd/proof.lrat,	Elapsed (wall clock) time (h:mm:ss or m:ss): 0:05.52,c restarts              : 1440,c decisions             : 177996164      (0.00 % random) (351657 /sec),c conflicts             : 639007         (1262 /sec),c propagations          : 979858976      (1935853 /sec),Marking proof: 0.7 seconds,c Dumping LRAT: 2.08 seconds,c Analyze time: 	2.78 seconds,c Analyze used disk storage:	928.127 MB
OVERVIEW_CSV,/nfs/scratch/bzchartu/unsat_2018_solved/Nb39T6.cnf,	Maximum resident set size (kbytes): 1814180,	Elapsed (wall clock) time (h:mm:ss or m:ss): 11:13.43,0,0,191524	/local_ssd/proof.lrat,	Elapsed (wall clock) time (h:mm:ss or m:ss): 0:05.63,c restarts              : 1398,c decisions             : 235763621      (0.00 % random) (353509 /sec),c conflicts             : 600816         (901 /sec),c propagations          : 1198577281     (1797172 /sec),Marking proof: 0.612 seconds,c Dumping LRAT: 2.128 seconds,c Analyze time: 	2.74 seconds,c Analyze used disk storage:	1018.29 MB
OVERVIEW_CSV,/nfs/scratch/bzchartu/unsat_2018_solved/Nb42T6.cnf,	Maximum resident set size (kbytes): 2283184,	Elapsed (wall clock) time (h:mm:ss or m:ss): 13:42.96,0,0,223488	/local_ssd/proof.lrat,	Elapsed (wall clock) time (h:mm:ss or m:ss): 0:06.87,c restarts              : 1500,c decisions             : 171159465      (0.00 % random) (210045 /sec),c conflicts             : 667475         (819 /sec),c propagations          : 1439549742     (1766596 /sec),Marking proof: 0.676 seconds,c Dumping LRAT: 2.62 seconds,c Analyze time: 	3.296 seconds,c Analyze used disk storage:	1270.18 MB
OVERVIEW_CSV,/nfs/scratch/bzchartu/unsat_2018_solved/Nb44T6.cnf,	Maximum resident set size (kbytes): 2571204,	Elapsed (wall clock) time (h:mm:ss or m:ss): 13:29.64,0,0,210560	/local_ssd/proof.lrat,	Elapsed (wall clock) time (h:mm:ss or m:ss): 0:06.84,c restarts              : 1289,c decisions             : 260512310      (0.00 % random) (325036 /sec),c conflicts             : 569266         (710 /sec),c propagations          : 1281757354     (1599222 /sec),Marking proof: 0.656 seconds,c Dumping LRAT: 2.588 seconds,c Analyze time: 	3.244 seconds,c Analyze used disk storage:	1376.43 MB
OVERVIEW_CSV,/nfs/scratch/bzchartu/unsat_2018_solved/Nb45T6.cnf,	Maximum resident set size (kbytes): 2746848,	Elapsed (wall clock) time (h:mm:ss or m:ss): 20:24.03,0,0,283648	/local_ssd/proof.lrat,	Elapsed (wall clock) time (h:mm:ss or m:ss): 0:08.50,c restarts              : 1781,c decisions             : 305948382      (0.00 % random) (252146 /sec),c conflicts             : 796876         (657 /sec),c propagations          : 1895001859     (1561760 /sec),Marking proof: 0.956 seconds,c Dumping LRAT: 3.228 seconds,c Analyze time: 	4.184 seconds,c Analyze used disk storage:	1535.99 MB
OVERVIEW_CSV,/nfs/scratch/bzchartu/unsat_2018_solved/Nb49T6.cnf,	Maximum resident set size (kbytes): 3530588,	Elapsed (wall clock) time (h:mm:ss or m:ss): 21:24.11,0,0,278904	/local_ssd/proof.lrat,	Elapsed (wall clock) time (h:mm:ss or m:ss): 0:09.18,c restarts              : 1641,c decisions             : 271472117      (0.00 % random) (213294 /sec),c conflicts             : 755748         (594 /sec),c propagations          : 1994721009     (1567240 /sec),Marking proof: 0.936 seconds,c Dumping LRAT: 3.244 seconds,c Analyze time: 	4.18 seconds,c Analyze used disk storage:	1885.59 MB
OVERVIEW_CSV,/nfs/scratch/bzchartu/unsat_2018_solved/Nb51T6.cnf,	Maximum resident set size (kbytes): 3954308,	Elapsed (wall clock) time (h:mm:ss or m:ss): 25:14.72,0,0,291580	/local_ssd/proof.lrat,	Elapsed (wall clock) time (h:mm:ss or m:ss): 0:09.78,c restarts              : 1655,c decisions             : 514473511      (0.00 % random) (343156 /sec),c conflicts             : 704702         (470 /sec),c propagations          : 2166367956     (1444977 /sec),Marking proof: 0.78 seconds,c Dumping LRAT: 3.552 seconds,c Analyze time: 	4.336 seconds,c Analyze used disk storage:	2082.58 MB
OVERVIEW_CSV,/nfs/scratch/bzchartu/unsat_2018_solved/Nb52T6.cnf,	Maximum resident set size (kbytes): 4188448,	Elapsed (wall clock) time (h:mm:ss or m:ss): 26:43.65,0,0,300612	/local_ssd/proof.lrat,	Elapsed (wall clock) time (h:mm:ss or m:ss): 0:10.20,c restarts              : 1643,c decisions             : 491464264      (0.00 % random) (309296 /sec),c conflicts             : 735151         (463 /sec),c propagations          : 2226689184     (1401336 /sec),Marking proof: 0.812 seconds,c Dumping LRAT: 3.712 seconds,c Analyze time: 	4.524 seconds,c Analyze used disk storage:	2205.44 MB
OVERVIEW_CSV,/nfs/scratch/bzchartu/unsat_2018_solved/Nb54T6.cnf,	Maximum resident set size (kbytes): 4629800,	Elapsed (wall clock) time (h:mm:ss or m:ss): 31:49.69,0,0,323356	/local_ssd/proof.lrat,	Elapsed (wall clock) time (h:mm:ss or m:ss): 0:11.21,c restarts              : 1645,c decisions             : 576367996      (0.00 % random) (304677 /sec),c conflicts             : 700404         (370 /sec),c propagations          : 2601881296     (1375393 /sec),Marking proof: 0.804 seconds,c Dumping LRAT: 3.888 seconds,c Analyze time: 	4.692 seconds,c Analyze used disk storage:	2431.27 MB
OVERVIEW_CSV,/nfs/scratch/bzchartu/unsat_2018_solved/newton_3_4_true-unreach-call.i.cnf,	Maximum resident set size (kbytes): 3230492,	Elapsed (wall clock) time (h:mm:ss or m:ss): 5:44.81,0,0,69232	/local_ssd/proof.lrat,	Elapsed (wall clock) time (h:mm:ss or m:ss): 0:01.84,c restarts              : 1297,c decisions             : 5101955        (0.00 % random) (15054 /sec),c conflicts             : 588551         (1737 /sec),c propagations          : 1228513890     (3624833 /sec),Marking proof: 0.344 seconds,c Dumping LRAT: 1.012 seconds,c Analyze time: 	1.356 seconds,c Analyze used disk storage:	3167.77 MB
OVERVIEW_CSV,/nfs/scratch/bzchartu/unsat_2018_solved/pals_lcr.8_overflow_false-unreach-call.ufo.UNBOUNDED.pals.c.cnf,	Maximum resident set size (kbytes): 12838488,	Elapsed (wall clock) time (h:mm:ss or m:ss): 19:33.39,0,0,9332716	/local_ssd/proof.lrat,	Elapsed (wall clock) time (h:mm:ss or m:ss): 3:22.74,c restarts              : 4478,c decisions             : 3625378        (0.00 % random) (3951 /sec),c conflicts             : 2559967        (2790 /sec),c propagations          : 2551999466     (2781046 /sec),Marking proof: 127.112 seconds,c Dumping LRAT: 93.784 seconds,c Analyze time: 	220.896 seconds,c Analyze used disk storage:	13034.5 MB
OVERVIEW_CSV,/nfs/scratch/bzchartu/unsat_2018_solved/pals_lcr-var-start-time.5_true-unreach-call.ufo.UNBOUNDED.pals.c.cnf,	Maximum resident set size (kbytes): 1601836,	Elapsed (wall clock) time (h:mm:ss or m:ss): 3:26.41,0,0,991412	/local_ssd/proof.lrat,	Elapsed (wall clock) time (h:mm:ss or m:ss): 0:20.98,c restarts              : 1167,c decisions             : 977890         (0.00 % random) (5346 /sec),c conflicts             : 521269         (2850 /sec),c propagations          : 665855268      (3640384 /sec),Marking proof: 9.668 seconds,c Dumping LRAT: 10.316 seconds,c Analyze time: 	19.984 seconds,c Analyze used disk storage:	1562.22 MB
OVERVIEW_CSV,/nfs/scratch/bzchartu/unsat_2018_solved/pals_lcr-var-start-time.6_true-unreach-call.ufo.UNBOUNDED.pals.c.cnf,	Maximum resident set size (kbytes): 3644296,	Elapsed (wall clock) time (h:mm:ss or m:ss): 7:51.87,0,0,2538248	/local_ssd/proof.lrat,	Elapsed (wall clock) time (h:mm:ss or m:ss): 0:53.55,c restarts              : 3632,c decisions             : 2523905        (0.00 % random) (6147 /sec),c conflicts             : 1831697        (4461 /sec),c propagations          : 1297397047     (3160036 /sec),Marking proof: 25.092 seconds,c Dumping LRAT: 25.716 seconds,c Analyze time: 	50.808 seconds,c Analyze used disk storage:	3650.07 MB
OVERVIEW_CSV,/nfs/scratch/bzchartu/unsat_2018_solved/prime_119218851371.cnf,	Maximum resident set size (kbytes): 928204,	Elapsed (wall clock) time (h:mm:ss or m:ss): 1:28.30,0,0,584272	/local_ssd/proof.lrat,	Elapsed (wall clock) time (h:mm:ss or m:ss): 0:13.54,c restarts              : 1001,c decisions             : 684444         (0.00 % random) (9268 /sec),c conflicts             : 396824         (5374 /sec),c propagations          : 137096269      (1856466 /sec),Marking proof: 5.984 seconds,c Dumping LRAT: 6.72 seconds,c Analyze time: 	12.704 seconds,c Analyze used disk storage:	923.586 MB
OVERVIEW_CSV,/nfs/scratch/bzchartu/unsat_2018_solved/prime_200560490131.cnf,	Maximum resident set size (kbytes): 1223012,	Elapsed (wall clock) time (h:mm:ss or m:ss): 1:47.02,0,0,765492	/local_ssd/proof.lrat,	Elapsed (wall clock) time (h:mm:ss or m:ss): 0:17.68,c restarts              : 1093,c decisions             : 711461         (0.00 % random) (8017 /sec),c conflicts             : 496057         (5590 /sec),c propagations          : 176380084      (1987605 /sec),Marking proof: 7.812 seconds,c Dumping LRAT: 8.424 seconds,c Analyze time: 	16.236 seconds,c Analyze used disk storage:	1226.31 MB
OVERVIEW_CSV,/nfs/scratch/bzchartu/unsat_2018_solved/Problem14_label19_true-unreach-call.c.cnf,	Maximum resident set size (kbytes): 1722008,	Elapsed (wall clock) time (h:mm:ss or m:ss): 0:55.25,0,0,54052	/local_ssd/proof.lrat,	Elapsed (wall clock) time (h:mm:ss or m:ss): 0:03.44,c restarts              : 93,c decisions             : 714102         (0.00 % random) (13883 /sec),c conflicts             : 23846          (464 /sec),c propagations          : 62397030       (1213100 /sec),Marking proof: 0.076 seconds,c Dumping LRAT: 1.28 seconds,c Analyze time: 	1.356 seconds,c Analyze used disk storage:	1020.11 MB
OVERVIEW_CSV,/nfs/scratch/bzchartu/unsat_2018_solved/Problem14_label20_true-unreach-call.c.cnf,	Maximum resident set size (kbytes): 2528344,	Elapsed (wall clock) time (h:mm:ss or m:ss): 1:48.52,0,0,60884	/local_ssd/proof.lrat,	Elapsed (wall clock) time (h:mm:ss or m:ss): 0:04.66,c restarts              : 183,c decisions             : 1320525        (0.00 % random) (12966 /sec),c conflicts             : 50223          (493 /sec),c propagations          : 148707222      (1460147 /sec),Marking proof: 0.036 seconds,c Dumping LRAT: 1.788 seconds,c Analyze time: 	1.824 seconds,c Analyze used disk storage:	1504.69 MB
OVERVIEW_CSV,/nfs/scratch/bzchartu/unsat_2018_solved/Problem14_label48_true-unreach-call.c.cnf,	Maximum resident set size (kbytes): 2929964,	Elapsed (wall clock) time (h:mm:ss or m:ss): 2:26.35,0,0,100968	/local_ssd/proof.lrat,	Elapsed (wall clock) time (h:mm:ss or m:ss): 0:05.49,c restarts              : 208,c decisions             : 1080271        (0.00 % random) (7774 /sec),c conflicts             : 67387          (485 /sec),c propagations          : 182179144      (1311056 /sec),Marking proof: 0.196 seconds,c Dumping LRAT: 2.98 seconds,c Analyze time: 	3.176 seconds,c Analyze used disk storage:	1823.07 MB
OVERVIEW_CSV,/nfs/scratch/bzchartu/unsat_2018_solved/Problem14_label55_true-unreach-call.c.cnf,	Maximum resident set size (kbytes): 2539804,	Elapsed (wall clock) time (h:mm:ss or m:ss): 2:05.48,0,0,103192	/local_ssd/proof.lrat,	Elapsed (wall clock) time (h:mm:ss or m:ss): 0:05.74,c restarts              : 163,c decisions             : 1398536        (0.00 % random) (11987 /sec),c conflicts             : 55285          (474 /sec),c propagations          : 182942617      (1568008 /sec),Marking proof: 0.212 seconds,c Dumping LRAT: 2.448 seconds,c Analyze time: 	2.66 seconds,c Analyze used disk storage:	1513.8 MB
OVERVIEW_CSV,/nfs/scratch/bzchartu/unsat_2018_solved/quadratic_loose_error.c.cnf,	Maximum resident set size (kbytes): 2177516,	Elapsed (wall clock) time (h:mm:ss or m:ss): 3:30.60,0,0,1054612	/local_ssd/proof.lrat,	Elapsed (wall clock) time (h:mm:ss or m:ss): 0:23.09,c restarts              : 1502,c decisions             : 4430711        (0.00 % random) (24293 /sec),c conflicts             : 658931         (3613 /sec),c propagations          : 595773780      (3266519 /sec),Marking proof: 12.816 seconds,c Dumping LRAT: 11.436 seconds,c Analyze time: 	24.252 seconds,c Analyze used disk storage:	2090.61 MB
OVERVIEW_CSV,/nfs/scratch/bzchartu/unsat_2018_solved/quadratic_tight_error.c.cnf,	Maximum resident set size (kbytes): 1427772,	Elapsed (wall clock) time (h:mm:ss or m:ss): 2:25.50,0,0,575300	/local_ssd/proof.lrat,	Elapsed (wall clock) time (h:mm:ss or m:ss): 0:12.62,c restarts              : 1123,c decisions             : 3143092        (0.00 % random) (24084 /sec),c conflicts             : 519396         (3980 /sec),c propagations          : 439597154      (3368457 /sec),Marking proof: 6.432 seconds,c Dumping LRAT: 5.948 seconds,c Analyze time: 	12.38 seconds,c Analyze used disk storage:	1324.77 MB
OVERVIEW_CSV,/nfs/scratch/bzchartu/unsat_2018_solved/queen12_12.col.12.cnf,	Maximum resident set size (kbytes): 3466200,	Elapsed (wall clock) time (h:mm:ss or m:ss): 10:05.84,0,0,2916832	/local_ssd/proof.lrat,	Elapsed (wall clock) time (h:mm:ss or m:ss): 1:00.27,c restarts              : 16578,c decisions             : 12257220       (0.00 % random) (22244 /sec),c conflicts             : 10598331       (19233 /sec),c propagations          : 460145736      (835056 /sec),Marking proof: 9.288 seconds,c Dumping LRAT: 36.124 seconds,c Analyze time: 	45.412 seconds,c Analyze used disk storage:	3498.47 MB
OVERVIEW_CSV,/nfs/scratch/bzchartu/unsat_2018_solved/queen13_13.col.13.cnf,	Maximum resident set size (kbytes): 10227188,	Elapsed (wall clock) time (h:mm:ss or m:ss): 33:35.90,0,0,9065656	/local_ssd/proof.lrat,	Elapsed (wall clock) time (h:mm:ss or m:ss): 3:15.70,c restarts              : 41051,c decisions             : 32866132       (0.00 % random) (18084 /sec),c conflicts             : 29211048       (16073 /sec),c propagations          : 1437995751     (791234 /sec),Marking proof: 26.104 seconds,c Dumping LRAT: 120.524 seconds,c Analyze time: 	146.628 seconds,c Analyze used disk storage:	10401.7 MB
OVERVIEW_CSV,/nfs/scratch/bzchartu/unsat_2018_solved/queen8_12.col.12.cnf,	Maximum resident set size (kbytes): 670200,	Elapsed (wall clock) time (h:mm:ss or m:ss): 2:06.66,0,0,470784	/local_ssd/proof.lrat,	Elapsed (wall clock) time (h:mm:ss or m:ss): 0:10.62,c restarts              : 3829,c decisions             : 2448434        (0.00 % random) (20846 /sec),c conflicts             : 1899476        (16172 /sec),c propagations          : 68898966       (586594 /sec),Marking proof: 1.276 seconds,c Dumping LRAT: 6.7 seconds,c Analyze time: 	7.976 seconds,c Analyze used disk storage:	639.75 MB
OVERVIEW_CSV,/nfs/scratch/bzchartu/unsat_2018_solved/sdiv15prop.cnf,	Maximum resident set size (kbytes): 2499948,	Elapsed (wall clock) time (h:mm:ss or m:ss): 3:04.80,0,0,1745896	/local_ssd/proof.lrat,	Elapsed (wall clock) time (h:mm:ss or m:ss): 0:40.97,c restarts              : 2666,c decisions             : 1595594        (0.00 % random) (11784 /sec),c conflicts             : 1362046        (10059 /sec),c propagations          : 290560428      (2145878 /sec),Marking proof: 20.336 seconds,c Dumping LRAT: 20.188 seconds,c Analyze time: 	40.524 seconds,c Analyze used disk storage:	2525.82 MB
OVERVIEW_CSV,/nfs/scratch/bzchartu/unsat_2018_solved/sdiv16prop.cnf,	Maximum resident set size (kbytes): 5717708,	Elapsed (wall clock) time (h:mm:ss or m:ss): 7:14.30,0,0,4091380	/local_ssd/proof.lrat,	Elapsed (wall clock) time (h:mm:ss or m:ss): 1:36.50,c restarts              : 5140,c decisions             : 3235736        (0.00 % random) (10169 /sec),c conflicts             : 2879677        (9050 /sec),c propagations          : 675997090      (2124441 /sec),Marking proof: 49.032 seconds,c Dumping LRAT: 46.984 seconds,c Analyze time: 	96.016 seconds,c Analyze used disk storage:	5814.61 MB
OVERVIEW_CSV,/nfs/scratch/bzchartu/unsat_2018_solved/sdiv17prop.cnf,	Maximum resident set size (kbytes): 13253820,	Elapsed (wall clock) time (h:mm:ss or m:ss): 17:27.89,0,0,9764188	/local_ssd/proof.lrat,	Elapsed (wall clock) time (h:mm:ss or m:ss): 3:50.18,c restarts              : 9649,c decisions             : 6632865        (0.00 % random) (8955 /sec),c conflicts             : 5983239        (8078 /sec),c propagations          : 1599674973     (2159692 /sec),Marking proof: 116.972 seconds,c Dumping LRAT: 111.884 seconds,c Analyze time: 	228.856 seconds,c Analyze used disk storage:	13529.6 MB
OVERVIEW_CSV,/nfs/scratch/bzchartu/unsat_2018_solved/T103.2.0.cnf,	Maximum resident set size (kbytes): 4010788,	Elapsed (wall clock) time (h:mm:ss or m:ss): 3:55.32,0,0,223640	/local_ssd/proof.lrat,	Elapsed (wall clock) time (h:mm:ss or m:ss): 0:08.89,c restarts              : 583,c decisions             : 3191220        (0.00 % random) (14232 /sec),c conflicts             : 213656         (953 /sec),c propagations          : 307553006      (1371608 /sec),Marking proof: 0.744 seconds,c Dumping LRAT: 4.092 seconds,c Analyze time: 	4.836 seconds,c Analyze used disk storage:	2629.78 MB
OVERVIEW_CSV,/nfs/scratch/bzchartu/unsat_2018_solved/T105.2.0.cnf,	Maximum resident set size (kbytes): 3899720,	Elapsed (wall clock) time (h:mm:ss or m:ss): 3:41.57,0,0,167304	/local_ssd/proof.lrat,	Elapsed (wall clock) time (h:mm:ss or m:ss): 0:07.95,c restarts              : 578,c decisions             : 5133679        (0.00 % random) (24486 /sec),c conflicts             : 232940         (1111 /sec),c propagations          : 285052053      (1359618 /sec),Marking proof: 0.404 seconds,c Dumping LRAT: 3.704 seconds,c Analyze time: 	4.108 seconds,c Analyze used disk storage:	2561.32 MB
OVERVIEW_CSV,/nfs/scratch/bzchartu/unsat_2018_solved/T107.2.0.cnf,	Maximum resident set size (kbytes): 4007612,	Elapsed (wall clock) time (h:mm:ss or m:ss): 3:51.02,0,0,212992	/local_ssd/proof.lrat,	Elapsed (wall clock) time (h:mm:ss or m:ss): 0:08.68,c restarts              : 663,c decisions             : 6984214        (0.00 % random) (31900 /sec),c conflicts             : 261356         (1194 /sec),c propagations          : 298084460      (1361464 /sec),Marking proof: 0.792 seconds,c Dumping LRAT: 4.844 seconds,c Analyze time: 	5.636 seconds,c Analyze used disk storage:	2646.9 MB
OVERVIEW_CSV,/nfs/scratch/bzchartu/unsat_2018_solved/T116.2.0.cnf,	Maximum resident set size (kbytes): 3878612,	Elapsed (wall clock) time (h:mm:ss or m:ss): 3:06.13,0,0,144464	/local_ssd/proof.lrat,	Elapsed (wall clock) time (h:mm:ss or m:ss): 0:07.39,c restarts              : 591,c decisions             : 3858423        (0.00 % random) (21954 /sec),c conflicts             : 199217         (1134 /sec),c propagations          : 215883884      (1228372 /sec),Marking proof: 0.22 seconds,c Dumping LRAT: 3.3 seconds,c Analyze time: 	3.52 seconds,c Analyze used disk storage:	2526.5 MB
OVERVIEW_CSV,/nfs/scratch/bzchartu/unsat_2018_solved/T117.2.0.cnf,	Maximum resident set size (kbytes): 4040724,	Elapsed (wall clock) time (h:mm:ss or m:ss): 4:02.46,0,0,166108	/local_ssd/proof.lrat,	Elapsed (wall clock) time (h:mm:ss or m:ss): 0:07.87,c restarts              : 582,c decisions             : 3287977        (0.00 % random) (14369 /sec),c conflicts             : 221747         (969 /sec),c propagations          : 329498673      (1439940 /sec),Marking proof: 0.38 seconds,c Dumping LRAT: 3.684 seconds,c Analyze time: 	4.068 seconds,c Analyze used disk storage:	2665.89 MB
OVERVIEW_CSV,/nfs/scratch/bzchartu/unsat_2018_solved/T122.2.0.cnf,	Maximum resident set size (kbytes): 4180108,	Elapsed (wall clock) time (h:mm:ss or m:ss): 5:07.81,0,0,342256	/local_ssd/proof.lrat,	Elapsed (wall clock) time (h:mm:ss or m:ss): 0:11.19,c restarts              : 712,c decisions             : 4487242        (0.00 % random) (15281 /sec),c conflicts             : 284455         (969 /sec),c propagations          : 430832086      (1467152 /sec),Marking proof: 2.216 seconds,c Dumping LRAT: 5.224 seconds,c Analyze time: 	7.44 seconds,c Analyze used disk storage:	2805.46 MB
OVERVIEW_CSV,/nfs/scratch/bzchartu/unsat_2018_solved/T125.2.0.cnf,	Maximum resident set size (kbytes): 4110484,	Elapsed (wall clock) time (h:mm:ss or m:ss): 4:10.21,0,0,195380	/local_ssd/proof.lrat,	Elapsed (wall clock) time (h:mm:ss or m:ss): 0:08.42,c restarts              : 594,c decisions             : 2406606        (0.00 % random) (10142 /sec),c conflicts             : 230261         (970 /sec),c propagations          : 310342086      (1307893 /sec),Marking proof: 0.476 seconds,c Dumping LRAT: 4.188 seconds,c Analyze time: 	4.664 seconds,c Analyze used disk storage:	2730.81 MB
OVERVIEW_CSV,/nfs/scratch/bzchartu/unsat_2018_solved/T129.2.0.cnf,	Maximum resident set size (kbytes): 4086608,	Elapsed (wall clock) time (h:mm:ss or m:ss): 4:59.61,0,0,183404	/local_ssd/proof.lrat,	Elapsed (wall clock) time (h:mm:ss or m:ss): 0:08.33,c restarts              : 571,c decisions             : 5069643        (0.00 % random) (17661 /sec),c conflicts             : 232675         (811 /sec),c propagations          : 422010048      (1470131 /sec),Marking proof: 0.42 seconds,c Dumping LRAT: 3.712 seconds,c Analyze time: 	4.136 seconds,c Analyze used disk storage:	2671.29 MB
OVERVIEW_CSV,/nfs/scratch/bzchartu/unsat_2018_solved/T56.2.0.cnf,	Maximum resident set size (kbytes): 4049880,	Elapsed (wall clock) time (h:mm:ss or m:ss): 4:02.88,0,0,195036	/local_ssd/proof.lrat,	Elapsed (wall clock) time (h:mm:ss or m:ss): 0:08.45,c restarts              : 583,c decisions             : 3685119        (0.00 % random) (15856 /sec),c conflicts             : 211517         (910 /sec),c propagations          : 339737304      (1461789 /sec),Marking proof: 0.476 seconds,c Dumping LRAT: 3.928 seconds,c Analyze time: 	4.408 seconds,c Analyze used disk storage:	2669.11 MB
OVERVIEW_CSV,/nfs/scratch/bzchartu/unsat_2018_solved/T62.2.0.cnf,	Maximum resident set size (kbytes): 4135476,	Elapsed (wall clock) time (h:mm:ss or m:ss): 5:13.47,0,0,239988	/local_ssd/proof.lrat,	Elapsed (wall clock) time (h:mm:ss or m:ss): 0:09.33,c restarts              : 707,c decisions             : 5007520        (0.00 % random) (16644 /sec),c conflicts             : 280241         (931 /sec),c propagations          : 433482865      (1440793 /sec),Marking proof: 0.832 seconds,c Dumping LRAT: 4.556 seconds,c Analyze time: 	5.388 seconds,c Analyze used disk storage:	2721.54 MB
OVERVIEW_CSV,/nfs/scratch/bzchartu/unsat_2018_solved/T77.2.0.cnf,	Maximum resident set size (kbytes): 4156700,	Elapsed (wall clock) time (h:mm:ss or m:ss): 5:40.81,0,0,275024	/local_ssd/proof.lrat,	Elapsed (wall clock) time (h:mm:ss or m:ss): 0:10.09,c restarts              : 744,c decisions             : 4142201        (0.00 % random) (12727 /sec),c conflicts             : 296206         (910 /sec),c propagations          : 502827882      (1544919 /sec),Marking proof: 1.012 seconds,c Dumping LRAT: 5.384 seconds,c Analyze time: 	6.396 seconds,c Analyze used disk storage:	2772.58 MB
OVERVIEW_CSV,/nfs/scratch/bzchartu/unsat_2018_solved/T82.2.0.cnf,	Maximum resident set size (kbytes): 4147160,	Elapsed (wall clock) time (h:mm:ss or m:ss): 4:39.76,0,0,227076	/local_ssd/proof.lrat,	Elapsed (wall clock) time (h:mm:ss or m:ss): 0:09.06,c restarts              : 624,c decisions             : 3653843        (0.00 % random) (13640 /sec),c conflicts             : 249627         (932 /sec),c propagations          : 390943897      (1459378 /sec),Marking proof: 0.664 seconds,c Dumping LRAT: 4.36 seconds,c Analyze time: 	5.024 seconds,c Analyze used disk storage:	2730.13 MB
OVERVIEW_CSV,/nfs/scratch/bzchartu/unsat_2018_solved/T84.2.0.cnf,	Maximum resident set size (kbytes): 4017832,	Elapsed (wall clock) time (h:mm:ss or m:ss): 4:14.48,0,0,203592	/local_ssd/proof.lrat,	Elapsed (wall clock) time (h:mm:ss or m:ss): 0:08.59,c restarts              : 629,c decisions             : 5055105        (0.00 % random) (20903 /sec),c conflicts             : 250239         (1035 /sec),c propagations          : 359362455      (1486000 /sec),Marking proof: 0.588 seconds,c Dumping LRAT: 4.068 seconds,c Analyze time: 	4.656 seconds,c Analyze used disk storage:	2648.42 MB
OVERVIEW_CSV,/nfs/scratch/bzchartu/unsat_2018_solved/T86.2.0.cnf,	Maximum resident set size (kbytes): 4064964,	Elapsed (wall clock) time (h:mm:ss or m:ss): 4:36.68,0,0,200832	/local_ssd/proof.lrat,	Elapsed (wall clock) time (h:mm:ss or m:ss): 0:08.52,c restarts              : 567,c decisions             : 5315162        (0.00 % random) (20233 /sec),c conflicts             : 237663         (905 /sec),c propagations          : 374197218      (1424428 /sec),Marking proof: 0.496 seconds,c Dumping LRAT: 4.204 seconds,c Analyze time: 	4.7 seconds,c Analyze used disk storage:	2655.23 MB
OVERVIEW_CSV,/nfs/scratch/bzchartu/unsat_2018_solved/T87.2.0.cnf,	Maximum resident set size (kbytes): 4084720,	Elapsed (wall clock) time (h:mm:ss or m:ss): 5:01.18,0,0,185952	/local_ssd/proof.lrat,	Elapsed (wall clock) time (h:mm:ss or m:ss): 0:08.26,c restarts              : 587,c decisions             : 4937550        (0.00 % random) (17107 /sec),c conflicts             : 235535         (816 /sec),c propagations          : 435886760      (1510203 /sec),Marking proof: 0.456 seconds,c Dumping LRAT: 3.968 seconds,c Analyze time: 	4.428 seconds,c Analyze used disk storage:	2705.99 MB
OVERVIEW_CSV,/nfs/scratch/bzchartu/unsat_2018_solved/T90.2.0.cnf,	Maximum resident set size (kbytes): 4006860,	Elapsed (wall clock) time (h:mm:ss or m:ss): 4:46.58,0,0,192680	/local_ssd/proof.lrat,	Elapsed (wall clock) time (h:mm:ss or m:ss): 0:08.33,c restarts              : 598,c decisions             : 2522846        (0.00 % random) (9227 /sec),c conflicts             : 243234         (890 /sec),c propagations          : 395933118      (1448034 /sec),Marking proof: 0.424 seconds,c Dumping LRAT: 4.7 seconds,c Analyze time: 	5.124 seconds,c Analyze used disk storage:	2632.29 MB
OVERVIEW_CSV,/nfs/scratch/bzchartu/unsat_2018_solved/T92.2.0.cnf,	Maximum resident set size (kbytes): 4108196,	Elapsed (wall clock) time (h:mm:ss or m:ss): 5:12.12,0,0,211000	/local_ssd/proof.lrat,	Elapsed (wall clock) time (h:mm:ss or m:ss): 0:08.74,c restarts              : 729,c decisions             : 3269931        (0.00 % random) (10900 /sec),c conflicts             : 273540         (912 /sec),c propagations          : 437344956      (1457894 /sec),Marking proof: 0.636 seconds,c Dumping LRAT: 4.008 seconds,c Analyze time: 	4.648 seconds,c Analyze used disk storage:	2698.22 MB
OVERVIEW_CSV,/nfs/scratch/bzchartu/unsat_2018_solved/T93.2.0.cnf,	Maximum resident set size (kbytes): 4294980,	Elapsed (wall clock) time (h:mm:ss or m:ss): 5:17.32,0,0,369912	/local_ssd/proof.lrat,	Elapsed (wall clock) time (h:mm:ss or m:ss): 0:11.79,c restarts              : 771,c decisions             : 6258467        (0.00 % random) (20922 /sec),c conflicts             : 305693         (1022 /sec),c propagations          : 435500426      (1455900 /sec),Marking proof: 2.716 seconds,c Dumping LRAT: 5.456 seconds,c Analyze time: 	8.172 seconds,c Analyze used disk storage:	2915.02 MB
OVERVIEW_CSV,/nfs/scratch/bzchartu/unsat_2018_solved/T96.2.0.cnf,	Maximum resident set size (kbytes): 4081228,	Elapsed (wall clock) time (h:mm:ss or m:ss): 3:58.88,0,0,187460	/local_ssd/proof.lrat,	Elapsed (wall clock) time (h:mm:ss or m:ss): 0:08.48,c restarts              : 581,c decisions             : 5302909        (0.00 % random) (23443 /sec),c conflicts             : 226193         (1000 /sec),c propagations          : 322814502      (1427069 /sec),Marking proof: 0.404 seconds,c Dumping LRAT: 3.816 seconds,c Analyze time: 	4.22 seconds,c Analyze used disk storage:	2715.98 MB
OVERVIEW_CSV,/nfs/scratch/bzchartu/unsat_2018_solved/T98.2.0.cnf,	Maximum resident set size (kbytes): 4019952,	Elapsed (wall clock) time (h:mm:ss or m:ss): 4:56.64,0,0,184880	/local_ssd/proof.lrat,	Elapsed (wall clock) time (h:mm:ss or m:ss): 0:08.19,c restarts              : 583,c decisions             : 5889994        (0.00 % random) (20842 /sec),c conflicts             : 232294         (822 /sec),c propagations          : 431121927      (1525512 /sec),Marking proof: 0.48 seconds,c Dumping LRAT: 4.768 seconds,c Analyze time: 	5.248 seconds,c Analyze used disk storage:	2642.81 MB
OVERVIEW_CSV,/nfs/scratch/bzchartu/unsat_2018_solved/terminator_03_true-unreach-call_true-termination.i.cnf,	Maximum resident set size (kbytes): 4393856,	Elapsed (wall clock) time (h:mm:ss or m:ss): 9:33.68,0,0,684504	/local_ssd/proof.lrat,	Elapsed (wall clock) time (h:mm:ss or m:ss): 0:15.35,c restarts              : 2109,c decisions             : 5484306        (0.00 % random) (9996 /sec),c conflicts             : 1029894        (1877 /sec),c propagations          : 1588631305     (2895581 /sec),Marking proof: 9.228 seconds,c Dumping LRAT: 7.532 seconds,c Analyze time: 	16.76 seconds,c Analyze used disk storage:	5382.36 MB
OVERVIEW_CSV,/nfs/scratch/bzchartu/unsat_2018_solved/udiv35prop.cnf,	Maximum resident set size (kbytes): 44355068,	Elapsed (wall clock) time (h:mm:ss or m:ss): 1:00:29,0,0,31082724	/local_ssd/proof.lrat,	Elapsed (wall clock) time (h:mm:ss or m:ss): 12:46.84,c restarts              : 16479,c decisions             : 13625552       (0.00 % random) (9166 /sec),c conflicts             : 10214736       (6871 /sec),c propagations          : 2898422859     (1949725 /sec),Marking proof: 520.476 seconds,c Dumping LRAT: 404.332 seconds,c Analyze time: 	924.808 seconds,c Analyze used disk storage:	45361.5 MB
