OVERVIEW_CSV,/nfs/scratch/bzchartu/unsat_2018_solved/ae_rphp035_05.cnf,	Elapsed (wall clock) time (h:mm:ss or m:ss): 7:30.14,	Maximum resident set size (kbytes): 106232,732904	/local_ssd/proof.drat,	Elapsed (wall clock) time (h:mm:ss or m:ss): 51:23.05,1798776	/local_ssd/proof.lrat,	Elapsed (wall clock) time (h:mm:ss or m:ss): 0:53.00,c restarts              : 16535,c decisions             : 38522778       (0.00 % random) (85839 /sec),c conflicts             : 9969428        (22215 /sec),c propagations          : 254450008      (566982 /sec)
OVERVIEW_CSV,/nfs/scratch/bzchartu/unsat_2018_solved/ae_rphp045_05.cnf,	Elapsed (wall clock) time (h:mm:ss or m:ss): 28:11.46,	Maximum resident set size (kbytes): 126748,2770380	/local_ssd/proof.drat,	Elapsed (wall clock) time (h:mm:ss or m:ss): 6:51:12,7067664	/local_ssd/proof.lrat,	Elapsed (wall clock) time (h:mm:ss or m:ss): 2:38.45,c restarts              : 54536,c decisions             : 198127582      (0.00 % random) (117365 /sec),c conflicts             : 39084363       (23152 /sec),c propagations          : 1243317846     (736505 /sec)
OVERVIEW_CSV,/nfs/scratch/bzchartu/unsat_2018_solved/ae_rphp055_04.cnf,	Elapsed (wall clock) time (h:mm:ss or m:ss): 2:52.55,	Maximum resident set size (kbytes): 67224,303744	/local_ssd/proof.drat,	Elapsed (wall clock) time (h:mm:ss or m:ss): 7:52.76,611800	/local_ssd/proof.lrat,	Elapsed (wall clock) time (h:mm:ss or m:ss): 0:14.56,c restarts              : 5896,c decisions             : 30645651       (0.00 % random) (178318 /sec),c conflicts             : 3268445        (19018 /sec),c propagations          : 124923735      (726892 /sec)
OVERVIEW_CSV,/nfs/scratch/bzchartu/unsat_2018_solved/ae_rphp075_04.cnf,	Elapsed (wall clock) time (h:mm:ss or m:ss): 17:40.49,	Maximum resident set size (kbytes): 160688,1798368	/local_ssd/proof.drat,	Elapsed (wall clock) time (h:mm:ss or m:ss): 1:18:23,3162636	/local_ssd/proof.lrat,	Elapsed (wall clock) time (h:mm:ss or m:ss): 1:12.32,c restarts              : 22181,c decisions             : 176370626      (0.00 % random) (166570 /sec),c conflicts             : 14704402       (13887 /sec),c propagations          : 671867806      (634534 /sec)
OVERVIEW_CSV,/nfs/scratch/bzchartu/unsat_2018_solved/ae_rphp095_04.cnf,	Elapsed (wall clock) time (h:mm:ss or m:ss): 1:00:06,	Maximum resident set size (kbytes): 274124,6370008	/local_ssd/proof.drat,	Elapsed (wall clock) time (h:mm:ss or m:ss): 5:53:23,10568444	/local_ssd/proof.lrat,	Elapsed (wall clock) time (h:mm:ss or m:ss): 3:45.44,c restarts              : 59782,c decisions             : 548859257      (0.00 % random) (152827 /sec),c conflicts             : 42708766       (11892 /sec),c propagations          : 2298207270     (639925 /sec)
OVERVIEW_CSV,/nfs/scratch/bzchartu/unsat_2018_solved/a_rphp035_05.cnf,	Elapsed (wall clock) time (h:mm:ss or m:ss): 15:11.79,	Maximum resident set size (kbytes): 160760,1241384	/local_ssd/proof.drat,	Elapsed (wall clock) time (h:mm:ss or m:ss): 2:03:05,2740380	/local_ssd/proof.lrat,	Elapsed (wall clock) time (h:mm:ss or m:ss): 1:05.23,c restarts              : 20002,c decisions             : 64986106       (0.00 % random) (71410 /sec),c conflicts             : 13286829       (14600 /sec),c propagations          : 361381805      (397107 /sec)
OVERVIEW_CSV,/nfs/scratch/bzchartu/unsat_2018_solved/a_rphp045_05.cnf,	Elapsed (wall clock) time (h:mm:ss or m:ss): 1:08:35,	Maximum resident set size (kbytes): 224368,6405448	/local_ssd/proof.drat,	Elapsed (wall clock) time (h:mm:ss or m:ss): 14:38:17,13082912	/local_ssd/proof.lrat,	Elapsed (wall clock) time (h:mm:ss or m:ss): 5:10.81,c restarts              : 68032,c decisions             : 342306611      (0.00 % random) (83386 /sec),c conflicts             : 53722306       (13087 /sec),c propagations          : 1752563899     (426924 /sec)
OVERVIEW_CSV,/nfs/scratch/bzchartu/unsat_2018_solved/a_rphp055_04.cnf,	Elapsed (wall clock) time (h:mm:ss or m:ss): 3:44.87,	Maximum resident set size (kbytes): 69920,382080	/local_ssd/proof.drat,	Elapsed (wall clock) time (h:mm:ss or m:ss): 10:01.87,728524	/local_ssd/proof.lrat,	Elapsed (wall clock) time (h:mm:ss or m:ss): 0:17.14,c restarts              : 6290,c decisions             : 34921201       (0.00 % random) (156068 /sec),c conflicts             : 3596980        (16075 /sec),c propagations          : 129864665      (580385 /sec)
OVERVIEW_CSV,/nfs/scratch/bzchartu/unsat_2018_solved/a_rphp065_04.cnf,	Elapsed (wall clock) time (h:mm:ss or m:ss): 9:12.53,	Maximum resident set size (kbytes): 100576,891984	/local_ssd/proof.drat,	Elapsed (wall clock) time (h:mm:ss or m:ss): 30:49.97,1625908	/local_ssd/proof.lrat,	Elapsed (wall clock) time (h:mm:ss or m:ss): 0:38.12,c restarts              : 12519,c decisions             : 86381253       (0.00 % random) (156710 /sec),c conflicts             : 7816243        (14180 /sec),c propagations          : 314674975      (570874 /sec)
OVERVIEW_CSV,/nfs/scratch/bzchartu/unsat_2018_solved/a_rphp085_04.cnf,	Elapsed (wall clock) time (h:mm:ss or m:ss): 33:46.67,	Maximum resident set size (kbytes): 211112,3465028	/local_ssd/proof.drat,	Elapsed (wall clock) time (h:mm:ss or m:ss): 2:36:48,5760748	/local_ssd/proof.lrat,	Elapsed (wall clock) time (h:mm:ss or m:ss): 2:12.96,c restarts              : 32950,c decisions             : 304317229      (0.00 % random) (150394 /sec),c conflicts             : 24432958       (12075 /sec),c propagations          : 1145529506     (566123 /sec)
OVERVIEW_CSV,/nfs/scratch/bzchartu/unsat_2018_solved/a_rphp098_04.cnf,	Elapsed (wall clock) time (h:mm:ss or m:ss): 1:20:21,	Maximum resident set size (kbytes): 300204,8033216	/local_ssd/proof.drat,	Elapsed (wall clock) time (h:mm:ss or m:ss): 6:01:05,11069508	/local_ssd/proof.lrat,	Elapsed (wall clock) time (h:mm:ss or m:ss): 4:12.24,c restarts              : 65711,c decisions             : 585704607      (0.00 % random) (122005 /sec),c conflicts             : 47933507       (9985 /sec),c propagations          : 2358290473     (491244 /sec)
OVERVIEW_CSV,/nfs/scratch/bzchartu/unsat_2018_solved/assoc_mult_err_3.c.cnf,	Elapsed (wall clock) time (h:mm:ss or m:ss): 1:28.43,	Maximum resident set size (kbytes): 48196,78888	/local_ssd/proof.drat,	Elapsed (wall clock) time (h:mm:ss or m:ss): 3:03.49,3452816	/local_ssd/proof.lrat,	Elapsed (wall clock) time (h:mm:ss or m:ss): 1:14.32,c restarts              : 1165,c decisions             : 1170998        (0.00 % random) (13407 /sec),c conflicts             : 482041         (5519 /sec),c propagations          : 208812560      (2390692 /sec)
OVERVIEW_CSV,/nfs/scratch/bzchartu/unsat_2018_solved/avg_true-unreach-call.i.cnf,	Elapsed (wall clock) time (h:mm:ss or m:ss): 50:30.87,	Maximum resident set size (kbytes): 165412,7427472	/local_ssd/proof.drat,	Elapsed (wall clock) time (h:mm:ss or m:ss): 28:58.49,15537212	/local_ssd/proof.lrat,	Elapsed (wall clock) time (h:mm:ss or m:ss): 5:17.04,c restarts              : 37553,c decisions             : 42775530       (0.00 % random) (14137 /sec),c conflicts             : 27305644       (9024 /sec),c propagations          : 6720460283     (2221047 /sec)
OVERVIEW_CSV,/nfs/scratch/bzchartu/unsat_2018_solved/by-X-2-7-100.cnf,	Elapsed (wall clock) time (h:mm:ss or m:ss): 17:44.03,	Maximum resident set size (kbytes): 247484,99348	/local_ssd/proof.drat,	Elapsed (wall clock) time (h:mm:ss or m:ss): 55:00.46,431976	/local_ssd/proof.lrat,	Elapsed (wall clock) time (h:mm:ss or m:ss): 0:10.53,c restarts              : 1322,c decisions             : 945345         (0.00 % random) (890 /sec),c conflicts             : 562713         (530 /sec),c propagations          : 1726714072     (1625161 /sec)
OVERVIEW_CSV,/nfs/scratch/bzchartu/unsat_2018_solved/cms-scheel-md4-families-r24-c5-p1-5-10-12-18.cnf,	Elapsed (wall clock) time (h:mm:ss or m:ss): 1:01.73,	Maximum resident set size (kbytes): 84688,326652	/local_ssd/proof.drat,	Elapsed (wall clock) time (h:mm:ss or m:ss): 0:10.58,2316	/local_ssd/proof.lrat,	Elapsed (wall clock) time (h:mm:ss or m:ss): 0:00.16,c restarts              : 3138,c decisions             : 5832902        (0.00 % random) (95697 /sec),c conflicts             : 1599392        (26240 /sec),c propagations          : 108288536      (1776620 /sec)
OVERVIEW_CSV,/nfs/scratch/bzchartu/unsat_2018_solved/cms-scheel-md4-families-r24-c5-p1-8-9-16-19.cnf,	Elapsed (wall clock) time (h:mm:ss or m:ss): 1:47.92,	Maximum resident set size (kbytes): 97292,507320	/local_ssd/proof.drat,	Elapsed (wall clock) time (h:mm:ss or m:ss): 0:16.69,1596	/local_ssd/proof.lrat,	Elapsed (wall clock) time (h:mm:ss or m:ss): 0:00.14,c restarts              : 4282,c decisions             : 8547996        (0.00 % random) (79906 /sec),c conflicts             : 2509418        (23458 /sec),c propagations          : 185835577      (1737171 /sec)
OVERVIEW_CSV,/nfs/scratch/bzchartu/unsat_2018_solved/cms-scheel-md4-families-r24-c6-p0-5-10-11-17-18.cnf,	Elapsed (wall clock) time (h:mm:ss or m:ss): 1:56.35,	Maximum resident set size (kbytes): 98536,548616	/local_ssd/proof.drat,	Elapsed (wall clock) time (h:mm:ss or m:ss): 0:20.92,4580	/local_ssd/proof.lrat,	Elapsed (wall clock) time (h:mm:ss or m:ss): 0:00.20,c restarts              : 4823,c decisions             : 9067195        (0.00 % random) (78621 /sec),c conflicts             : 2749830        (23844 /sec),c propagations          : 169354367      (1468458 /sec)
OVERVIEW_CSV,/nfs/scratch/bzchartu/unsat_2018_solved/cms-scheel-md4-families-r24-c6-p2-4-9-16-17-19.cnf,	Elapsed (wall clock) time (h:mm:ss or m:ss): 0:19.55,	Maximum resident set size (kbytes): 63232,107336	/local_ssd/proof.drat,	Elapsed (wall clock) time (h:mm:ss or m:ss): 0:03.72,2208	/local_ssd/proof.lrat,	Elapsed (wall clock) time (h:mm:ss or m:ss): 0:00.16,c restarts              : 1090,c decisions             : 2934411        (0.00 % random) (152834 /sec),c conflicts             : 468064         (24378 /sec),c propagations          : 40626164       (2115946 /sec)
OVERVIEW_CSV,/nfs/scratch/bzchartu/unsat_2018_solved/cms-scheel-md5-families-r24-c5-p6-11-15-16-19.cnf,	Elapsed (wall clock) time (h:mm:ss or m:ss): 33:15.25,	Maximum resident set size (kbytes): 250328,6678548	/local_ssd/proof.drat,	Elapsed (wall clock) time (h:mm:ss or m:ss): 5:09.12,10236	/local_ssd/proof.lrat,	Elapsed (wall clock) time (h:mm:ss or m:ss): 0:00.42,c restarts              : 32826,c decisions             : 55875850       (0.00 % random) (28182 /sec),c conflicts             : 22560436       (11379 /sec),c propagations          : 1998086974     (1007783 /sec)
OVERVIEW_CSV,/nfs/scratch/bzchartu/unsat_2018_solved/cms-scheel-md5-families-r24-c7-p1-3-6-10-11-14-15.cnf,	Elapsed (wall clock) time (h:mm:ss or m:ss): 0:59.95,	Maximum resident set size (kbytes): 97112,228532	/local_ssd/proof.drat,	Elapsed (wall clock) time (h:mm:ss or m:ss): 0:06.72,2636	/local_ssd/proof.lrat,	Elapsed (wall clock) time (h:mm:ss or m:ss): 0:00.19,c restarts              : 2105,c decisions             : 6547972        (0.00 % random) (110983 /sec),c conflicts             : 955870         (16201 /sec),c propagations          : 149908651      (2540825 /sec)
OVERVIEW_CSV,/nfs/scratch/bzchartu/unsat_2018_solved/cz-3-7-7.cnf,	Elapsed (wall clock) time (h:mm:ss or m:ss): 14:00.39,	Maximum resident set size (kbytes): 67588,452184	/local_ssd/proof.drat,	Elapsed (wall clock) time (h:mm:ss or m:ss): 32:11.43,2021268	/local_ssd/proof.lrat,	Elapsed (wall clock) time (h:mm:ss or m:ss): 0:46.72,c restarts              : 5554,c decisions             : 3964894        (0.00 % random) (4722 /sec),c conflicts             : 3063867        (3649 /sec),c propagations          : 2205872133     (2627227 /sec)
OVERVIEW_CSV,/nfs/scratch/bzchartu/unsat_2018_solved/cz-alt-3-7.cnf,	Elapsed (wall clock) time (h:mm:ss or m:ss): 29:02.54,	Maximum resident set size (kbytes): 73500,760960	/local_ssd/proof.drat,	Elapsed (wall clock) time (h:mm:ss or m:ss): 1:03:15,3616488	/local_ssd/proof.lrat,	Elapsed (wall clock) time (h:mm:ss or m:ss): 1:22.66,c restarts              : 8873,c decisions             : 6935623        (0.00 % random) (3984 /sec),c conflicts             : 5545851        (3185 /sec),c propagations          : 4365601965     (2507428 /sec)
OVERVIEW_CSV,/nfs/scratch/bzchartu/unsat_2018_solved/dist10.c.cnf,	Elapsed (wall clock) time (h:mm:ss or m:ss): 2:18.83,	Maximum resident set size (kbytes): 44876,142088	/local_ssd/proof.drat,	Elapsed (wall clock) time (h:mm:ss or m:ss): 7:06.34,6461500	/local_ssd/proof.lrat,	Elapsed (wall clock) time (h:mm:ss or m:ss): 2:22.23,c restarts              : 2033,c decisions             : 1653467        (0.00 % random) (11960 /sec),c conflicts             : 888265         (6425 /sec),c propagations          : 340656272      (2464024 /sec)
OVERVIEW_CSV,/nfs/scratch/bzchartu/unsat_2018_solved/dist4.c.cnf,	Elapsed (wall clock) time (h:mm:ss or m:ss): 2:15.67,	Maximum resident set size (kbytes): 43456,129248	/local_ssd/proof.drat,	Elapsed (wall clock) time (h:mm:ss or m:ss): 6:54.77,6050644	/local_ssd/proof.lrat,	Elapsed (wall clock) time (h:mm:ss or m:ss): 2:11.09,c restarts              : 1913,c decisions             : 1741795        (0.00 % random) (12912 /sec),c conflicts             : 851221         (6310 /sec),c propagations          : 333410226      (2471536 /sec)
OVERVIEW_CSV,/nfs/scratch/bzchartu/unsat_2018_solved/dist5.c.cnf,	Elapsed (wall clock) time (h:mm:ss or m:ss): 2:06.91,	Maximum resident set size (kbytes): 40548,118876	/local_ssd/proof.drat,	Elapsed (wall clock) time (h:mm:ss or m:ss): 6:37.39,6266844	/local_ssd/proof.lrat,	Elapsed (wall clock) time (h:mm:ss or m:ss): 2:16.32,c restarts              : 1912,c decisions             : 1751878        (0.00 % random) (13905 /sec),c conflicts             : 867185         (6883 /sec),c propagations          : 328389911      (2606435 /sec)
OVERVIEW_CSV,/nfs/scratch/bzchartu/unsat_2018_solved/dist6.c.cnf,	Elapsed (wall clock) time (h:mm:ss or m:ss): 2:46.93,	Maximum resident set size (kbytes): 43420,151828	/local_ssd/proof.drat,	Elapsed (wall clock) time (h:mm:ss or m:ss): 8:54.00,9178692	/local_ssd/proof.lrat,	Elapsed (wall clock) time (h:mm:ss or m:ss): 3:21.54,c restarts              : 2138,c decisions             : 1574940        (0.00 % random) (9475 /sec),c conflicts             : 973247         (5855 /sec),c propagations          : 403937636      (2430197 /sec)
OVERVIEW_CSV,/nfs/scratch/bzchartu/unsat_2018_solved/dist7.c.cnf,	Elapsed (wall clock) time (h:mm:ss or m:ss): 2:23.94,	Maximum resident set size (kbytes): 47476,139356	/local_ssd/proof.drat,	Elapsed (wall clock) time (h:mm:ss or m:ss): 7:21.54,7025160	/local_ssd/proof.lrat,	Elapsed (wall clock) time (h:mm:ss or m:ss): 2:36.91,c restarts              : 1938,c decisions             : 1627454        (0.00 % random) (11380 /sec),c conflicts             : 855025         (5979 /sec),c propagations          : 346376449      (2422077 /sec)
OVERVIEW_CSV,/nfs/scratch/bzchartu/unsat_2018_solved/dist8.c.cnf,	Elapsed (wall clock) time (h:mm:ss or m:ss): 2:24.18,	Maximum resident set size (kbytes): 41612,129364	/local_ssd/proof.drat,	Elapsed (wall clock) time (h:mm:ss or m:ss): 7:18.57,6631176	/local_ssd/proof.lrat,	Elapsed (wall clock) time (h:mm:ss or m:ss): 2:27.11,c restarts              : 2055,c decisions             : 1670184        (0.00 % random) (11657 /sec),c conflicts             : 897579         (6265 /sec),c propagations          : 371643523      (2593899 /sec)
OVERVIEW_CSV,/nfs/scratch/bzchartu/unsat_2018_solved/dist9.c.cnf,	Elapsed (wall clock) time (h:mm:ss or m:ss): 2:19.78,	Maximum resident set size (kbytes): 44016,136804	/local_ssd/proof.drat,	Elapsed (wall clock) time (h:mm:ss or m:ss): 7:30.69,6823396	/local_ssd/proof.lrat,	Elapsed (wall clock) time (h:mm:ss or m:ss): 2:31.25,c restarts              : 1956,c decisions             : 1525112        (0.00 % random) (10972 /sec),c conflicts             : 866702         (6235 /sec),c propagations          : 322601537      (2320808 /sec)
OVERVIEW_CSV,/nfs/scratch/bzchartu/unsat_2018_solved/ecarev-110-1031-23-40-3.cnf,	Elapsed (wall clock) time (h:mm:ss or m:ss): 0:28.35,	Maximum resident set size (kbytes): 117136,51084	/local_ssd/proof.drat,	Elapsed (wall clock) time (h:mm:ss or m:ss): 0:04.29,18804	/local_ssd/proof.lrat,	Elapsed (wall clock) time (h:mm:ss or m:ss): 0:00.55,c restarts              : 828,c decisions             : 4703678        (0.00 % random) (171267 /sec),c conflicts             : 347407         (12650 /sec),c propagations          : 50410535       (1835513 /sec)
OVERVIEW_CSV,/nfs/scratch/bzchartu/unsat_2018_solved/e_rphp035_05.cnf,	Elapsed (wall clock) time (h:mm:ss or m:ss): 8:02.05,	Maximum resident set size (kbytes): 86208,855740	/local_ssd/proof.drat,	Elapsed (wall clock) time (h:mm:ss or m:ss): 1:10:01,2037492	/local_ssd/proof.lrat,	Elapsed (wall clock) time (h:mm:ss or m:ss): 0:50.04,c restarts              : 16906,c decisions             : 43819009       (0.00 % random) (91105 /sec),c conflicts             : 11618338       (24156 /sec),c propagations          : 285046276      (592646 /sec)
OVERVIEW_CSV,/nfs/scratch/bzchartu/unsat_2018_solved/e_rphp055_04.cnf,	Elapsed (wall clock) time (h:mm:ss or m:ss): 2:40.26,	Maximum resident set size (kbytes): 60924,287844	/local_ssd/proof.drat,	Elapsed (wall clock) time (h:mm:ss or m:ss): 7:38.84,565472	/local_ssd/proof.lrat,	Elapsed (wall clock) time (h:mm:ss or m:ss): 0:13.28,c restarts              : 5612,c decisions             : 31240383       (0.00 % random) (195233 /sec),c conflicts             : 3118078        (19486 /sec),c propagations          : 121818749      (761291 /sec)
OVERVIEW_CSV,/nfs/scratch/bzchartu/unsat_2018_solved/e_rphp065_04.cnf,	Elapsed (wall clock) time (h:mm:ss or m:ss): 6:28.76,	Maximum resident set size (kbytes): 105796,697736	/local_ssd/proof.drat,	Elapsed (wall clock) time (h:mm:ss or m:ss): 24:27.33,1326588	/local_ssd/proof.lrat,	Elapsed (wall clock) time (h:mm:ss or m:ss): 0:30.84,c restarts              : 11108,c decisions             : 77516909       (0.00 % random) (199621 /sec),c conflicts             : 6794116        (17496 /sec),c propagations          : 290726432      (748677 /sec)
OVERVIEW_CSV,/nfs/scratch/bzchartu/unsat_2018_solved/e_rphp096_04.cnf,	Elapsed (wall clock) time (h:mm:ss or m:ss): 54:40.44,	Maximum resident set size (kbytes): 267984,6143444	/local_ssd/proof.drat,	Elapsed (wall clock) time (h:mm:ss or m:ss): 5:12:20,10619376	/local_ssd/proof.lrat,	Elapsed (wall clock) time (h:mm:ss or m:ss): 3:45.39,c restarts              : 57354,c decisions             : 539169301      (0.00 % random) (165064 /sec),c conflicts             : 41514062       (12709 /sec),c propagations          : 2203350237     (674546 /sec)
OVERVIEW_CSV,/nfs/scratch/bzchartu/unsat_2018_solved/filter1_true-unreach-call.c.cnf,	Elapsed (wall clock) time (h:mm:ss or m:ss): 11:03.14,	Maximum resident set size (kbytes): 586492,1023612	/local_ssd/proof.drat,	Elapsed (wall clock) time (h:mm:ss or m:ss): 0:38.12,85656	/local_ssd/proof.lrat,	Elapsed (wall clock) time (h:mm:ss or m:ss): 0:02.84,c restarts              : 6079,c decisions             : 15850414       (0.00 % random) (24023 /sec),c conflicts             : 3354019        (5083 /sec),c propagations          : 2069698135     (3136914 /sec)
OVERVIEW_CSV,/nfs/scratch/bzchartu/unsat_2018_solved/filter_iir_true-unreach-call.c.cnf,	Elapsed (wall clock) time (h:mm:ss or m:ss): 11:20.50,	Maximum resident set size (kbytes): 523660,461424	/local_ssd/proof.drat,	Elapsed (wall clock) time (h:mm:ss or m:ss): 0:51.05,165908	/local_ssd/proof.lrat,	Elapsed (wall clock) time (h:mm:ss or m:ss): 0:04.58,c restarts              : 2215,c decisions             : 8763749        (0.00 % random) (12912 /sec),c conflicts             : 1148152        (1692 /sec),c propagations          : 2415546527     (3559057 /sec)
OVERVIEW_CSV,/nfs/scratch/bzchartu/unsat_2018_solved/gto_p60c231_1.cnf,	Elapsed (wall clock) time (h:mm:ss or m:ss): 0:47.94,	Maximum resident set size (kbytes): 23704,107488	/local_ssd/proof.drat,	Elapsed (wall clock) time (h:mm:ss or m:ss): 2:02.77,323484	/local_ssd/proof.lrat,	Elapsed (wall clock) time (h:mm:ss or m:ss): 0:07.81,c restarts              : 2416,c decisions             : 1416857        (0.00 % random) (29597 /sec),c conflicts             : 1261662        (26355 /sec),c propagations          : 22636904       (472863 /sec)
OVERVIEW_CSV,/nfs/scratch/bzchartu/unsat_2018_solved/gto_p60c231.cnf,	Elapsed (wall clock) time (h:mm:ss or m:ss): 0:37.16,	Maximum resident set size (kbytes): 25100,88112	/local_ssd/proof.drat,	Elapsed (wall clock) time (h:mm:ss or m:ss): 1:45.89,283980	/local_ssd/proof.lrat,	Elapsed (wall clock) time (h:mm:ss or m:ss): 0:06.82,c restarts              : 2076,c decisions             : 1238335        (0.00 % random) (33386 /sec),c conflicts             : 1106789        (29839 /sec),c propagations          : 19528819       (526497 /sec)
OVERVIEW_CSV,/nfs/scratch/bzchartu/unsat_2018_solved/gto_p60c233.cnf,	Elapsed (wall clock) time (h:mm:ss or m:ss): 1:00.94,	Maximum resident set size (kbytes): 24304,131452	/local_ssd/proof.drat,	Elapsed (wall clock) time (h:mm:ss or m:ss): 3:30.56,457172	/local_ssd/proof.lrat,	Elapsed (wall clock) time (h:mm:ss or m:ss): 0:10.80,c restarts              : 3333,c decisions             : 1963196        (0.00 % random) (32262 /sec),c conflicts             : 1754648        (28835 /sec),c propagations          : 32014746       (526108 /sec)
OVERVIEW_CSV,/nfs/scratch/bzchartu/unsat_2018_solved/gto_p60c234.cnf,	Elapsed (wall clock) time (h:mm:ss or m:ss): 1:23.51,	Maximum resident set size (kbytes): 30720,213996	/local_ssd/proof.drat,	Elapsed (wall clock) time (h:mm:ss or m:ss): 4:54.41,651324	/local_ssd/proof.lrat,	Elapsed (wall clock) time (h:mm:ss or m:ss): 0:15.43,c restarts              : 4117,c decisions             : 2710237        (0.00 % random) (32523 /sec),c conflicts             : 2435113        (29222 /sec),c propagations          : 42934428       (515221 /sec)
OVERVIEW_CSV,/nfs/scratch/bzchartu/unsat_2018_solved/gto_p60c235.cnf,	Elapsed (wall clock) time (h:mm:ss or m:ss): 2:12.20,	Maximum resident set size (kbytes): 34096,332588	/local_ssd/proof.drat,	Elapsed (wall clock) time (h:mm:ss or m:ss): 8:08.41,1041360	/local_ssd/proof.lrat,	Elapsed (wall clock) time (h:mm:ss or m:ss): 0:24.63,c restarts              : 6353,c decisions             : 4120297        (0.00 % random) (31235 /sec),c conflicts             : 3693778        (28002 /sec),c propagations          : 66032099       (500577 /sec)
OVERVIEW_CSV,/nfs/scratch/bzchartu/unsat_2018_solved/gto_p60c238.cnf,	Elapsed (wall clock) time (h:mm:ss or m:ss): 2:22.31,	Maximum resident set size (kbytes): 31484,325632	/local_ssd/proof.drat,	Elapsed (wall clock) time (h:mm:ss or m:ss): 10:17.21,1085632	/local_ssd/proof.lrat,	Elapsed (wall clock) time (h:mm:ss or m:ss): 0:25.52,c restarts              : 6665,c decisions             : 4217945        (0.00 % random) (29688 /sec),c conflicts             : 3786924        (26654 /sec),c propagations          : 71347293       (502177 /sec)
OVERVIEW_CSV,/nfs/scratch/bzchartu/unsat_2018_solved/gto_p60c239.cnf,	Elapsed (wall clock) time (h:mm:ss or m:ss): 1:00.18,	Maximum resident set size (kbytes): 28908,138608	/local_ssd/proof.drat,	Elapsed (wall clock) time (h:mm:ss or m:ss): 2:19.77,373668	/local_ssd/proof.lrat,	Elapsed (wall clock) time (h:mm:ss or m:ss): 0:09.00,c restarts              : 2754,c decisions             : 1623708        (0.00 % random) (27033 /sec),c conflicts             : 1419377        (23631 /sec),c propagations          : 24598378       (409536 /sec)
OVERVIEW_CSV,/nfs/scratch/bzchartu/unsat_2018_solved/gto_p60c241.cnf,	Elapsed (wall clock) time (h:mm:ss or m:ss): 0:54.42,	Maximum resident set size (kbytes): 24616,110260	/local_ssd/proof.drat,	Elapsed (wall clock) time (h:mm:ss or m:ss): 2:24.68,335688	/local_ssd/proof.lrat,	Elapsed (wall clock) time (h:mm:ss or m:ss): 0:08.06,c restarts              : 2554,c decisions             : 1496611        (0.00 % random) (27560 /sec),c conflicts             : 1302824        (23991 /sec),c propagations          : 25134568       (462849 /sec)
OVERVIEW_CSV,/nfs/scratch/bzchartu/unsat_2018_solved/gto_p60c243.cnf,	Elapsed (wall clock) time (h:mm:ss or m:ss): 1:38.45,	Maximum resident set size (kbytes): 33092,220448	/local_ssd/proof.drat,	Elapsed (wall clock) time (h:mm:ss or m:ss): 5:18.38,692472	/local_ssd/proof.lrat,	Elapsed (wall clock) time (h:mm:ss or m:ss): 0:18.12,c restarts              : 4472,c decisions             : 2940082        (0.00 % random) (29913 /sec),c conflicts             : 2592407        (26376 /sec),c propagations          : 46224663       (470298 /sec)
OVERVIEW_CSV,/nfs/scratch/bzchartu/unsat_2018_solved/huck.col.11.cnf,	Elapsed (wall clock) time (h:mm:ss or m:ss): 1:05.81,	Maximum resident set size (kbytes): 33196,138564	/local_ssd/proof.drat,	Elapsed (wall clock) time (h:mm:ss or m:ss): 2:54.77,350704	/local_ssd/proof.lrat,	Elapsed (wall clock) time (h:mm:ss or m:ss): 0:08.22,c restarts              : 3331,c decisions             : 2051027        (0.00 % random) (31228 /sec),c conflicts             : 1711008        (26051 /sec),c propagations          : 28532217       (434413 /sec)
OVERVIEW_CSV,/nfs/scratch/bzchartu/unsat_2018_solved/mchess_15.cnf,	Elapsed (wall clock) time (h:mm:ss or m:ss): 0:54.42,	Maximum resident set size (kbytes): 33660,83620	/local_ssd/proof.drat,	Elapsed (wall clock) time (h:mm:ss or m:ss): 2:27.69,238452	/local_ssd/proof.lrat,	Elapsed (wall clock) time (h:mm:ss or m:ss): 0:05.78,c restarts              : 2857,c decisions             : 1827502        (0.00 % random) (33638 /sec),c conflicts             : 1460072        (26875 /sec),c propagations          : 25222043       (464255 /sec)
OVERVIEW_CSV,/nfs/scratch/bzchartu/unsat_2018_solved/mchess_16.cnf,	Elapsed (wall clock) time (h:mm:ss or m:ss): 7:39.00,	Maximum resident set size (kbytes): 58992,836464	/local_ssd/proof.drat,	Elapsed (wall clock) time (h:mm:ss or m:ss): 38:36.24,2530256	/local_ssd/proof.lrat,	Elapsed (wall clock) time (h:mm:ss or m:ss): 0:59.24,c restarts              : 19446,c decisions             : 15428248       (0.00 % random) (33653 /sec),c conflicts             : 13000028       (28357 /sec),c propagations          : 233857370      (510107 /sec)
OVERVIEW_CSV,/nfs/scratch/bzchartu/unsat_2018_solved/mchess_17.cnf,	Elapsed (wall clock) time (h:mm:ss or m:ss): 19:12.91,	Maximum resident set size (kbytes): 70864,1790468	/local_ssd/proof.drat,	Elapsed (wall clock) time (h:mm:ss or m:ss): 1:50:18,5665832	/local_ssd/proof.lrat,	Elapsed (wall clock) time (h:mm:ss or m:ss): 2:09.34,c restarts              : 37836,c decisions             : 33670343       (0.00 % random) (29239 /sec),c conflicts             : 27451435       (23839 /sec),c propagations          : 490933381      (426328 /sec)
OVERVIEW_CSV,/nfs/scratch/bzchartu/unsat_2018_solved/Nb27T6.cnf,	Elapsed (wall clock) time (h:mm:ss or m:ss): 3:28.08,	Maximum resident set size (kbytes): 414308,300568	/local_ssd/proof.drat,	Elapsed (wall clock) time (h:mm:ss or m:ss): 1:39.27,200148	/local_ssd/proof.lrat,	Elapsed (wall clock) time (h:mm:ss or m:ss): 0:04.39,c restarts              : 1652,c decisions             : 41767023       (0.00 % random) (201613 /sec),c conflicts             : 700292         (3380 /sec),c propagations          : 457141726      (2206666 /sec)
OVERVIEW_CSV,/nfs/scratch/bzchartu/unsat_2018_solved/Nb29T6.cnf,	Elapsed (wall clock) time (h:mm:ss or m:ss): 3:44.20,	Maximum resident set size (kbytes): 465920,148280	/local_ssd/proof.drat,	Elapsed (wall clock) time (h:mm:ss or m:ss): 1:19.40,167604	/local_ssd/proof.lrat,	Elapsed (wall clock) time (h:mm:ss or m:ss): 0:03.95,c restarts              : 1315,c decisions             : 73509469       (0.00 % random) (328966 /sec),c conflicts             : 583330         (2610 /sec),c propagations          : 529357109      (2368955 /sec)
OVERVIEW_CSV,/nfs/scratch/bzchartu/unsat_2018_solved/Nb37T6.cnf,	Elapsed (wall clock) time (h:mm:ss or m:ss): 7:45.94,	Maximum resident set size (kbytes): 956212,230216	/local_ssd/proof.drat,	Elapsed (wall clock) time (h:mm:ss or m:ss): 2:00.81,202036	/local_ssd/proof.lrat,	Elapsed (wall clock) time (h:mm:ss or m:ss): 0:05.60,c restarts              : 1440,c decisions             : 177996164      (0.00 % random) (383348 /sec),c conflicts             : 639007         (1376 /sec),c propagations          : 979858976      (2110310 /sec)
OVERVIEW_CSV,/nfs/scratch/bzchartu/unsat_2018_solved/Nb39T6.cnf,	Elapsed (wall clock) time (h:mm:ss or m:ss): 10:09.67,	Maximum resident set size (kbytes): 1128496,228152	/local_ssd/proof.drat,	Elapsed (wall clock) time (h:mm:ss or m:ss): 2:04.09,196644	/local_ssd/proof.lrat,	Elapsed (wall clock) time (h:mm:ss or m:ss): 0:05.82,c restarts              : 1398,c decisions             : 235763621      (0.00 % random) (388144 /sec),c conflicts             : 600816         (989 /sec),c propagations          : 1198577281     (1973253 /sec)
OVERVIEW_CSV,/nfs/scratch/bzchartu/unsat_2018_solved/Nb42T6.cnf,	Elapsed (wall clock) time (h:mm:ss or m:ss): 12:28.55,	Maximum resident set size (kbytes): 1402240,313812	/local_ssd/proof.drat,	Elapsed (wall clock) time (h:mm:ss or m:ss): 2:41.26,235580	/local_ssd/proof.lrat,	Elapsed (wall clock) time (h:mm:ss or m:ss): 0:06.81,c restarts              : 1500,c decisions             : 171159465      (0.00 % random) (229458 /sec),c conflicts             : 667475         (895 /sec),c propagations          : 1439549742     (1929878 /sec)
OVERVIEW_CSV,/nfs/scratch/bzchartu/unsat_2018_solved/Nb44T6.cnf,	Elapsed (wall clock) time (h:mm:ss or m:ss): 12:25.51,	Maximum resident set size (kbytes): 1627612,324472	/local_ssd/proof.drat,	Elapsed (wall clock) time (h:mm:ss or m:ss): 2:37.62,218896	/local_ssd/proof.lrat,	Elapsed (wall clock) time (h:mm:ss or m:ss): 0:07.05,c restarts              : 1289,c decisions             : 260512310      (0.00 % random) (351019 /sec),c conflicts             : 569266         (767 /sec),c propagations          : 1281757354     (1727063 /sec)
OVERVIEW_CSV,/nfs/scratch/bzchartu/unsat_2018_solved/Nb45T6.cnf,	Elapsed (wall clock) time (h:mm:ss or m:ss): 18:30.38,	Maximum resident set size (kbytes): 1723452,429344	/local_ssd/proof.drat,	Elapsed (wall clock) time (h:mm:ss or m:ss): 3:40.42,298500	/local_ssd/proof.lrat,	Elapsed (wall clock) time (h:mm:ss or m:ss): 0:08.58,c restarts              : 1781,c decisions             : 305948382      (0.00 % random) (276641 /sec),c conflicts             : 796876         (721 /sec),c propagations          : 1895001859     (1713476 /sec)
OVERVIEW_CSV,/nfs/scratch/bzchartu/unsat_2018_solved/Nb49T6.cnf,	Elapsed (wall clock) time (h:mm:ss or m:ss): 19:47.42,	Maximum resident set size (kbytes): 2227808,509392	/local_ssd/proof.drat,	Elapsed (wall clock) time (h:mm:ss or m:ss): 4:07.34,293816	/local_ssd/proof.lrat,	Elapsed (wall clock) time (h:mm:ss or m:ss): 0:09.29,c restarts              : 1641,c decisions             : 271472117      (0.00 % random) (229766 /sec),c conflicts             : 755748         (640 /sec),c propagations          : 1994721009     (1688273 /sec)
OVERVIEW_CSV,/nfs/scratch/bzchartu/unsat_2018_solved/Nb51T6.cnf,	Elapsed (wall clock) time (h:mm:ss or m:ss): 23:34.00,	Maximum resident set size (kbytes): 2528548,559176	/local_ssd/proof.drat,	Elapsed (wall clock) time (h:mm:ss or m:ss): 4:03.96,290488	/local_ssd/proof.lrat,	Elapsed (wall clock) time (h:mm:ss or m:ss): 0:09.84,c restarts              : 1655,c decisions             : 514473511      (0.00 % random) (365703 /sec),c conflicts             : 704702         (501 /sec),c propagations          : 2166367956     (1539917 /sec)
OVERVIEW_CSV,/nfs/scratch/bzchartu/unsat_2018_solved/Nb52T6.cnf,	Elapsed (wall clock) time (h:mm:ss or m:ss): 24:47.14,	Maximum resident set size (kbytes): 2659428,600264	/local_ssd/proof.drat,	Elapsed (wall clock) time (h:mm:ss or m:ss): 4:29.53,300404	/local_ssd/proof.lrat,	Elapsed (wall clock) time (h:mm:ss or m:ss): 0:10.40,c restarts              : 1643,c decisions             : 491464264      (0.00 % random) (332255 /sec),c conflicts             : 735151         (497 /sec),c propagations          : 2226689184     (1505354 /sec)
OVERVIEW_CSV,/nfs/scratch/bzchartu/unsat_2018_solved/Nb54T6.cnf,	Elapsed (wall clock) time (h:mm:ss or m:ss): 28:53.40,	Maximum resident set size (kbytes): 2977728,653880	/local_ssd/proof.drat,	Elapsed (wall clock) time (h:mm:ss or m:ss): 5:32.29,325504	/local_ssd/proof.lrat,	Elapsed (wall clock) time (h:mm:ss or m:ss): 0:11.57,c restarts              : 1645,c decisions             : 576367996      (0.00 % random) (334100 /sec),c conflicts             : 700404         (406 /sec),c propagations          : 2601881296     (1508218 /sec)
OVERVIEW_CSV,/nfs/scratch/bzchartu/unsat_2018_solved/newton_3_4_true-unreach-call.i.cnf,	Elapsed (wall clock) time (h:mm:ss or m:ss): 5:24.77,	Maximum resident set size (kbytes): 248400,178780	/local_ssd/proof.drat,	Elapsed (wall clock) time (h:mm:ss or m:ss): 0:17.25,62964	/local_ssd/proof.lrat,	Elapsed (wall clock) time (h:mm:ss or m:ss): 0:01.70,c restarts              : 1297,c decisions             : 5101955        (0.00 % random) (15743 /sec),c conflicts             : 588551         (1816 /sec),c propagations          : 1228513890     (3790867 /sec)
OVERVIEW_CSV,/nfs/scratch/bzchartu/unsat_2018_solved/pals_lcr.8_overflow_false-unreach-call.ufo.UNBOUNDED.pals.c.cnf,	Elapsed (wall clock) time (h:mm:ss or m:ss): 14:49.59,	Maximum resident set size (kbytes): 113288,893288	/local_ssd/proof.drat,	Elapsed (wall clock) time (h:mm:ss or m:ss): 36:43.45,13493156	/local_ssd/proof.lrat,	Elapsed (wall clock) time (h:mm:ss or m:ss): 4:52.88,c restarts              : 4478,c decisions             : 3625378        (0.00 % random) (4079 /sec),c conflicts             : 2559967        (2880 /sec),c propagations          : 2551999466     (2871338 /sec)
OVERVIEW_CSV,/nfs/scratch/bzchartu/unsat_2018_solved/pals_lcr-var-start-time.5_true-unreach-call.ufo.UNBOUNDED.pals.c.cnf,	Elapsed (wall clock) time (h:mm:ss or m:ss): 3:01.43,	Maximum resident set size (kbytes): 73132,142004	/local_ssd/proof.drat,	Elapsed (wall clock) time (h:mm:ss or m:ss): 4:03.18,1624108	/local_ssd/proof.lrat,	Elapsed (wall clock) time (h:mm:ss or m:ss): 0:34.82,c restarts              : 1167,c decisions             : 977890         (0.00 % random) (5398 /sec),c conflicts             : 521269         (2878 /sec),c propagations          : 665855268      (3675753 /sec)
OVERVIEW_CSV,/nfs/scratch/bzchartu/unsat_2018_solved/pals_lcr-var-start-time.6_true-unreach-call.ufo.UNBOUNDED.pals.c.cnf,	Elapsed (wall clock) time (h:mm:ss or m:ss): 6:40.58,	Maximum resident set size (kbytes): 73692,399404	/local_ssd/proof.drat,	Elapsed (wall clock) time (h:mm:ss or m:ss): 16:18.34,3884608	/local_ssd/proof.lrat,	Elapsed (wall clock) time (h:mm:ss or m:ss): 1:23.67,c restarts              : 3632,c decisions             : 2523905        (0.00 % random) (6307 /sec),c conflicts             : 1831697        (4577 /sec),c propagations          : 1297397047     (3242066 /sec)
OVERVIEW_CSV,/nfs/scratch/bzchartu/unsat_2018_solved/prime_119218851371.cnf,	Elapsed (wall clock) time (h:mm:ss or m:ss): 1:08.98,	Maximum resident set size (kbytes): 26044,41740	/local_ssd/proof.drat,	Elapsed (wall clock) time (h:mm:ss or m:ss): 2:02.01,624204	/local_ssd/proof.lrat,	Elapsed (wall clock) time (h:mm:ss or m:ss): 0:14.41,c restarts              : 1001,c decisions             : 684444         (0.00 % random) (9929 /sec),c conflicts             : 396824         (5756 /sec),c propagations          : 137096269      (1988747 /sec)
OVERVIEW_CSV,/nfs/scratch/bzchartu/unsat_2018_solved/prime_200560490131.cnf,	Elapsed (wall clock) time (h:mm:ss or m:ss): 1:26.48,	Maximum resident set size (kbytes): 30216,55372	/local_ssd/proof.drat,	Elapsed (wall clock) time (h:mm:ss or m:ss): 2:52.01,822248	/local_ssd/proof.lrat,	Elapsed (wall clock) time (h:mm:ss or m:ss): 0:18.78,c restarts              : 1093,c decisions             : 711461         (0.00 % random) (8237 /sec),c conflicts             : 496057         (5743 /sec),c propagations          : 176380084      (2042003 /sec)
OVERVIEW_CSV,/nfs/scratch/bzchartu/unsat_2018_solved/Problem14_label19_true-unreach-call.c.cnf,	Elapsed (wall clock) time (h:mm:ss or m:ss): 0:51.98,	Maximum resident set size (kbytes): 956772,245168	/local_ssd/proof.drat,	Elapsed (wall clock) time (h:mm:ss or m:ss): 1:35.25,58520	/local_ssd/proof.lrat,	Elapsed (wall clock) time (h:mm:ss or m:ss): 0:03.57,c restarts              : 93,c decisions             : 714102         (0.00 % random) (14250 /sec),c conflicts             : 23846          (476 /sec),c propagations          : 62397030       (1245151 /sec)
OVERVIEW_CSV,/nfs/scratch/bzchartu/unsat_2018_solved/Problem14_label20_true-unreach-call.c.cnf,	Elapsed (wall clock) time (h:mm:ss or m:ss): 1:39.35,	Maximum resident set size (kbytes): 1390056,384084	/local_ssd/proof.drat,	Elapsed (wall clock) time (h:mm:ss or m:ss): 1:09.91,61596	/local_ssd/proof.lrat,	Elapsed (wall clock) time (h:mm:ss or m:ss): 0:04.71,c restarts              : 183,c decisions             : 1320525        (0.00 % random) (13646 /sec),c conflicts             : 50223          (519 /sec),c propagations          : 148707222      (1536676 /sec)
OVERVIEW_CSV,/nfs/scratch/bzchartu/unsat_2018_solved/Problem14_label48_true-unreach-call.c.cnf,	Elapsed (wall clock) time (h:mm:ss or m:ss): 2:18.56,	Maximum resident set size (kbytes): 1459232,498920	/local_ssd/proof.drat,	Elapsed (wall clock) time (h:mm:ss or m:ss): 6:01.14,106172	/local_ssd/proof.lrat,	Elapsed (wall clock) time (h:mm:ss or m:ss): 0:05.74,c restarts              : 208,c decisions             : 1080271        (0.00 % random) (8002 /sec),c conflicts             : 67387          (499 /sec),c propagations          : 182179144      (1349515 /sec)
OVERVIEW_CSV,/nfs/scratch/bzchartu/unsat_2018_solved/Problem14_label55_true-unreach-call.c.cnf,	Elapsed (wall clock) time (h:mm:ss or m:ss): 1:55.05,	Maximum resident set size (kbytes): 1390464,384572	/local_ssd/proof.drat,	Elapsed (wall clock) time (h:mm:ss or m:ss): 6:46.10,116932	/local_ssd/proof.lrat,	Elapsed (wall clock) time (h:mm:ss or m:ss): 0:05.93,c restarts              : 163,c decisions             : 1398536        (0.00 % random) (12535 /sec),c conflicts             : 55285          (496 /sec),c propagations          : 182942617      (1639741 /sec)
OVERVIEW_CSV,/nfs/scratch/bzchartu/unsat_2018_solved/quadratic_loose_error.c.cnf,	Elapsed (wall clock) time (h:mm:ss or m:ss): 3:01.54,	Maximum resident set size (kbytes): 151680,185628	/local_ssd/proof.drat,	Elapsed (wall clock) time (h:mm:ss or m:ss): 3:38.29,1230152	/local_ssd/proof.lrat,	Elapsed (wall clock) time (h:mm:ss or m:ss): 0:27.30,c restarts              : 1502,c decisions             : 4430711        (0.00 % random) (24474 /sec),c conflicts             : 658931         (3640 /sec),c propagations          : 595773780      (3290841 /sec)
OVERVIEW_CSV,/nfs/scratch/bzchartu/unsat_2018_solved/quadratic_tight_error.c.cnf,	Elapsed (wall clock) time (h:mm:ss or m:ss): 2:03.56,	Maximum resident set size (kbytes): 122552,134456	/local_ssd/proof.drat,	Elapsed (wall clock) time (h:mm:ss or m:ss): 2:16.25,901424	/local_ssd/proof.lrat,	Elapsed (wall clock) time (h:mm:ss or m:ss): 0:19.64,c restarts              : 1123,c decisions             : 3143092        (0.00 % random) (25485 /sec),c conflicts             : 519396         (4211 /sec),c propagations          : 439597154      (3564340 /sec)
OVERVIEW_CSV,/nfs/scratch/bzchartu/unsat_2018_solved/queen12_12.col.12.cnf,	Elapsed (wall clock) time (h:mm:ss or m:ss): 9:01.35,	Maximum resident set size (kbytes): 58648,1250084	/local_ssd/proof.drat,	Elapsed (wall clock) time (h:mm:ss or m:ss): 41:07.16,2965236	/local_ssd/proof.lrat,	Elapsed (wall clock) time (h:mm:ss or m:ss): 1:01.23,c restarts              : 16578,c decisions             : 12257220       (0.00 % random) (22675 /sec),c conflicts             : 10598331       (19606 /sec),c propagations          : 460145736      (851252 /sec)
OVERVIEW_CSV,/nfs/scratch/bzchartu/unsat_2018_solved/queen13_13.col.13.cnf,	Elapsed (wall clock) time (h:mm:ss or m:ss): 29:01.97,	Maximum resident set size (kbytes): 66828,4649140	/local_ssd/proof.drat,	Elapsed (wall clock) time (h:mm:ss or m:ss): 2:15:17,9035096	/local_ssd/proof.lrat,	Elapsed (wall clock) time (h:mm:ss or m:ss): 3:10.48,c restarts              : 41051,c decisions             : 32866132       (0.00 % random) (18896 /sec),c conflicts             : 29211048       (16795 /sec),c propagations          : 1437995751     (826773 /sec)
OVERVIEW_CSV,/nfs/scratch/bzchartu/unsat_2018_solved/queen8_12.col.12.cnf,	Elapsed (wall clock) time (h:mm:ss or m:ss): 1:56.39,	Maximum resident set size (kbytes): 41992,278284	/local_ssd/proof.drat,	Elapsed (wall clock) time (h:mm:ss or m:ss): 4:17.91,451360	/local_ssd/proof.lrat,	Elapsed (wall clock) time (h:mm:ss or m:ss): 0:09.93,c restarts              : 3829,c decisions             : 2448434        (0.00 % random) (21076 /sec),c conflicts             : 1899476        (16351 /sec),c propagations          : 68898966       (593077 /sec)
OVERVIEW_CSV,/nfs/scratch/bzchartu/unsat_2018_solved/sdiv15prop.cnf,	Elapsed (wall clock) time (h:mm:ss or m:ss): 2:10.04,	Maximum resident set size (kbytes): 32764,123192	/local_ssd/proof.drat,	Elapsed (wall clock) time (h:mm:ss or m:ss): 8:14.68,1694912	/local_ssd/proof.lrat,	Elapsed (wall clock) time (h:mm:ss or m:ss): 0:40.66,c restarts              : 2666,c decisions             : 1595594        (0.00 % random) (12279 /sec),c conflicts             : 1362046        (10481 /sec),c propagations          : 290560428      (2235975 /sec)
OVERVIEW_CSV,/nfs/scratch/bzchartu/unsat_2018_solved/sdiv16prop.cnf,	Elapsed (wall clock) time (h:mm:ss or m:ss): 5:02.26,	Maximum resident set size (kbytes): 35604,261380	/local_ssd/proof.drat,	Elapsed (wall clock) time (h:mm:ss or m:ss): 23:47.43,4033044	/local_ssd/proof.lrat,	Elapsed (wall clock) time (h:mm:ss or m:ss): 1:36.51,c restarts              : 5140,c decisions             : 3235736        (0.00 % random) (10712 /sec),c conflicts             : 2879677        (9533 /sec),c propagations          : 675997090      (2237956 /sec)
OVERVIEW_CSV,/nfs/scratch/bzchartu/unsat_2018_solved/sdiv17prop.cnf,	Elapsed (wall clock) time (h:mm:ss or m:ss): 11:49.56,	Maximum resident set size (kbytes): 43352,560512	/local_ssd/proof.drat,	Elapsed (wall clock) time (h:mm:ss or m:ss): 1:09:54,9486612	/local_ssd/proof.lrat,	Elapsed (wall clock) time (h:mm:ss or m:ss): 3:50.75,c restarts              : 9649,c decisions             : 6632865        (0.00 % random) (9353 /sec),c conflicts             : 5983239        (8437 /sec),c propagations          : 1599674973     (2255796 /sec)
OVERVIEW_CSV,/nfs/scratch/bzchartu/unsat_2018_solved/T103.2.0.cnf,	Elapsed (wall clock) time (h:mm:ss or m:ss): 3:43.82,	Maximum resident set size (kbytes): 1895840,818784	/local_ssd/proof.drat,	Elapsed (wall clock) time (h:mm:ss or m:ss): 1:15.49,249972	/local_ssd/proof.lrat,	Elapsed (wall clock) time (h:mm:ss or m:ss): 0:09.49,c restarts              : 583,c decisions             : 3191220        (0.00 % random) (14595 /sec),c conflicts             : 213656         (977 /sec),c propagations          : 307553006      (1406587 /sec)
OVERVIEW_CSV,/nfs/scratch/bzchartu/unsat_2018_solved/T105.2.0.cnf,	Elapsed (wall clock) time (h:mm:ss or m:ss): 3:25.77,	Maximum resident set size (kbytes): 1895704,793228	/local_ssd/proof.drat,	Elapsed (wall clock) time (h:mm:ss or m:ss): 1:03.22,191840	/local_ssd/proof.lrat,	Elapsed (wall clock) time (h:mm:ss or m:ss): 0:08.42,c restarts              : 578,c decisions             : 5133679        (0.00 % random) (25426 /sec),c conflicts             : 232940         (1154 /sec),c propagations          : 285052053      (1411820 /sec)
OVERVIEW_CSV,/nfs/scratch/bzchartu/unsat_2018_solved/T107.2.0.cnf,	Elapsed (wall clock) time (h:mm:ss or m:ss): 3:38.80,	Maximum resident set size (kbytes): 1905864,812968	/local_ssd/proof.drat,	Elapsed (wall clock) time (h:mm:ss or m:ss): 1:14.06,245128	/local_ssd/proof.lrat,	Elapsed (wall clock) time (h:mm:ss or m:ss): 0:09.43,c restarts              : 663,c decisions             : 6984214        (0.00 % random) (32790 /sec),c conflicts             : 261356         (1227 /sec),c propagations          : 298084460      (1399484 /sec)
OVERVIEW_CSV,/nfs/scratch/bzchartu/unsat_2018_solved/T116.2.0.cnf,	Elapsed (wall clock) time (h:mm:ss or m:ss): 2:52.26,	Maximum resident set size (kbytes): 1905540,793812	/local_ssd/proof.drat,	Elapsed (wall clock) time (h:mm:ss or m:ss): 0:56.94,158560	/local_ssd/proof.lrat,	Elapsed (wall clock) time (h:mm:ss or m:ss): 0:07.78,c restarts              : 591,c decisions             : 3858423        (0.00 % random) (22937 /sec),c conflicts             : 199217         (1184 /sec),c propagations          : 215883884      (1283373 /sec)
OVERVIEW_CSV,/nfs/scratch/bzchartu/unsat_2018_solved/T117.2.0.cnf,	Elapsed (wall clock) time (h:mm:ss or m:ss): 3:45.39,	Maximum resident set size (kbytes): 1916784,820404	/local_ssd/proof.drat,	Elapsed (wall clock) time (h:mm:ss or m:ss): 1:04.92,201104	/local_ssd/proof.lrat,	Elapsed (wall clock) time (h:mm:ss or m:ss): 0:08.58,c restarts              : 582,c decisions             : 3287977        (0.00 % random) (14970 /sec),c conflicts             : 221747         (1010 /sec),c propagations          : 329498673      (1500203 /sec)
OVERVIEW_CSV,/nfs/scratch/bzchartu/unsat_2018_solved/T122.2.0.cnf,	Elapsed (wall clock) time (h:mm:ss or m:ss): 4:56.62,	Maximum resident set size (kbytes): 1947256,830920	/local_ssd/proof.drat,	Elapsed (wall clock) time (h:mm:ss or m:ss): 1:47.72,428060	/local_ssd/proof.lrat,	Elapsed (wall clock) time (h:mm:ss or m:ss): 0:13.10,c restarts              : 712,c decisions             : 4487242        (0.00 % random) (15445 /sec),c conflicts             : 284455         (979 /sec),c propagations          : 430832086      (1482887 /sec)
OVERVIEW_CSV,/nfs/scratch/bzchartu/unsat_2018_solved/T125.2.0.cnf,	Elapsed (wall clock) time (h:mm:ss or m:ss): 3:52.29,	Maximum resident set size (kbytes): 2020924,841164	/local_ssd/proof.drat,	Elapsed (wall clock) time (h:mm:ss or m:ss): 1:14.51,239260	/local_ssd/proof.lrat,	Elapsed (wall clock) time (h:mm:ss or m:ss): 0:09.40,c restarts              : 594,c decisions             : 2406606        (0.00 % random) (10535 /sec),c conflicts             : 230261         (1008 /sec),c propagations          : 310342086      (1358575 /sec)
OVERVIEW_CSV,/nfs/scratch/bzchartu/unsat_2018_solved/T129.2.0.cnf,	Elapsed (wall clock) time (h:mm:ss or m:ss): 4:41.68,	Maximum resident set size (kbytes): 2021784,826816	/local_ssd/proof.drat,	Elapsed (wall clock) time (h:mm:ss or m:ss): 1:08.88,220408	/local_ssd/proof.lrat,	Elapsed (wall clock) time (h:mm:ss or m:ss): 0:09.05,c restarts              : 571,c decisions             : 5069643        (0.00 % random) (18271 /sec),c conflicts             : 232675         (839 /sec),c propagations          : 422010048      (1520888 /sec)
OVERVIEW_CSV,/nfs/scratch/bzchartu/unsat_2018_solved/T56.2.0.cnf,	Elapsed (wall clock) time (h:mm:ss or m:ss): 3:55.72,	Maximum resident set size (kbytes): 1926244,819028	/local_ssd/proof.drat,	Elapsed (wall clock) time (h:mm:ss or m:ss): 1:14.88,240380	/local_ssd/proof.lrat,	Elapsed (wall clock) time (h:mm:ss or m:ss): 0:09.45,c restarts              : 583,c decisions             : 3685119        (0.00 % random) (16102 /sec),c conflicts             : 211517         (924 /sec),c propagations          : 339737304      (1484451 /sec)
OVERVIEW_CSV,/nfs/scratch/bzchartu/unsat_2018_solved/T62.2.0.cnf,	Elapsed (wall clock) time (h:mm:ss or m:ss): 4:55.48,	Maximum resident set size (kbytes): 2019768,829492	/local_ssd/proof.drat,	Elapsed (wall clock) time (h:mm:ss or m:ss): 1:29.33,285632	/local_ssd/proof.lrat,	Elapsed (wall clock) time (h:mm:ss or m:ss): 0:10.30,c restarts              : 707,c decisions             : 5007520        (0.00 % random) (17189 /sec),c conflicts             : 280241         (962 /sec),c propagations          : 433482865      (1487996 /sec)
OVERVIEW_CSV,/nfs/scratch/bzchartu/unsat_2018_solved/T77.2.0.cnf,	Elapsed (wall clock) time (h:mm:ss or m:ss): 5:23.63,	Maximum resident set size (kbytes): 1918772,836828	/local_ssd/proof.drat,	Elapsed (wall clock) time (h:mm:ss or m:ss): 1:37.95,352472	/local_ssd/proof.lrat,	Elapsed (wall clock) time (h:mm:ss or m:ss): 0:11.51,c restarts              : 744,c decisions             : 4142201        (0.00 % random) (12976 /sec),c conflicts             : 296206         (928 /sec),c propagations          : 502827882      (1575236 /sec)
OVERVIEW_CSV,/nfs/scratch/bzchartu/unsat_2018_solved/T82.2.0.cnf,	Elapsed (wall clock) time (h:mm:ss or m:ss): 4:24.87,	Maximum resident set size (kbytes): 2021540,832020	/local_ssd/proof.drat,	Elapsed (wall clock) time (h:mm:ss or m:ss): 1:21.80,272348	/local_ssd/proof.lrat,	Elapsed (wall clock) time (h:mm:ss or m:ss): 0:10.14,c restarts              : 624,c decisions             : 3653843        (0.00 % random) (14006 /sec),c conflicts             : 249627         (957 /sec),c propagations          : 390943897      (1498627 /sec)
OVERVIEW_CSV,/nfs/scratch/bzchartu/unsat_2018_solved/T84.2.0.cnf,	Elapsed (wall clock) time (h:mm:ss or m:ss): 3:59.06,	Maximum resident set size (kbytes): 1949720,810932	/local_ssd/proof.drat,	Elapsed (wall clock) time (h:mm:ss or m:ss): 1:13.82,250676	/local_ssd/proof.lrat,	Elapsed (wall clock) time (h:mm:ss or m:ss): 0:09.66,c restarts              : 629,c decisions             : 5055105        (0.00 % random) (21682 /sec),c conflicts             : 250239         (1073 /sec),c propagations          : 359362455      (1541376 /sec)
OVERVIEW_CSV,/nfs/scratch/bzchartu/unsat_2018_solved/T86.2.0.cnf,	Elapsed (wall clock) time (h:mm:ss or m:ss): 4:21.11,	Maximum resident set size (kbytes): 1988608,824664	/local_ssd/proof.drat,	Elapsed (wall clock) time (h:mm:ss or m:ss): 1:13.16,242312	/local_ssd/proof.lrat,	Elapsed (wall clock) time (h:mm:ss or m:ss): 0:09.40,c restarts              : 567,c decisions             : 5315162        (0.00 % random) (20877 /sec),c conflicts             : 237663         (933 /sec),c propagations          : 374197218      (1469769 /sec)
OVERVIEW_CSV,/nfs/scratch/bzchartu/unsat_2018_solved/T87.2.0.cnf,	Elapsed (wall clock) time (h:mm:ss or m:ss): 4:40.56,	Maximum resident set size (kbytes): 2021520,849340	/local_ssd/proof.drat,	Elapsed (wall clock) time (h:mm:ss or m:ss): 1:09.22,224476	/local_ssd/proof.lrat,	Elapsed (wall clock) time (h:mm:ss or m:ss): 0:09.00,c restarts              : 587,c decisions             : 4937550        (0.00 % random) (17809 /sec),c conflicts             : 235535         (850 /sec),c propagations          : 435886760      (1572168 /sec)
OVERVIEW_CSV,/nfs/scratch/bzchartu/unsat_2018_solved/T90.2.0.cnf,	Elapsed (wall clock) time (h:mm:ss or m:ss): 4:28.15,	Maximum resident set size (kbytes): 1958280,812800	/local_ssd/proof.drat,	Elapsed (wall clock) time (h:mm:ss or m:ss): 1:10.82,230080	/local_ssd/proof.lrat,	Elapsed (wall clock) time (h:mm:ss or m:ss): 0:09.14,c restarts              : 598,c decisions             : 2522846        (0.00 % random) (9539 /sec),c conflicts             : 243234         (920 /sec),c propagations          : 395933118      (1497093 /sec)
OVERVIEW_CSV,/nfs/scratch/bzchartu/unsat_2018_solved/T92.2.0.cnf,	Elapsed (wall clock) time (h:mm:ss or m:ss): 5:00.29,	Maximum resident set size (kbytes): 1987524,826804	/local_ssd/proof.drat,	Elapsed (wall clock) time (h:mm:ss or m:ss): 1:12.68,235960	/local_ssd/proof.lrat,	Elapsed (wall clock) time (h:mm:ss or m:ss): 0:09.31,c restarts              : 729,c decisions             : 3269931        (0.00 % random) (11166 /sec),c conflicts             : 273540         (934 /sec),c propagations          : 437344956      (1493379 /sec)
OVERVIEW_CSV,/nfs/scratch/bzchartu/unsat_2018_solved/T93.2.0.cnf,	Elapsed (wall clock) time (h:mm:ss or m:ss): 4:55.02,	Maximum resident set size (kbytes): 1997872,851840	/local_ssd/proof.drat,	Elapsed (wall clock) time (h:mm:ss or m:ss): 1:49.97,439108	/local_ssd/proof.lrat,	Elapsed (wall clock) time (h:mm:ss or m:ss): 0:13.50,c restarts              : 771,c decisions             : 6258467        (0.00 % random) (21749 /sec),c conflicts             : 305693         (1062 /sec),c propagations          : 435500426      (1513394 /sec)
OVERVIEW_CSV,/nfs/scratch/bzchartu/unsat_2018_solved/T96.2.0.cnf,	Elapsed (wall clock) time (h:mm:ss or m:ss): 3:41.99,	Maximum resident set size (kbytes): 1907772,819272	/local_ssd/proof.drat,	Elapsed (wall clock) time (h:mm:ss or m:ss): 1:11.42,230028	/local_ssd/proof.lrat,	Elapsed (wall clock) time (h:mm:ss or m:ss): 0:09.15,c restarts              : 581,c decisions             : 5302909        (0.00 % random) (24308 /sec),c conflicts             : 226193         (1037 /sec),c propagations          : 322814502      (1479742 /sec)
OVERVIEW_CSV,/nfs/scratch/bzchartu/unsat_2018_solved/T98.2.0.cnf,	Elapsed (wall clock) time (h:mm:ss or m:ss): 4:41.71,	Maximum resident set size (kbytes): 1958716,821296	/local_ssd/proof.drat,	Elapsed (wall clock) time (h:mm:ss or m:ss): 1:08.31,224096	/local_ssd/proof.lrat,	Elapsed (wall clock) time (h:mm:ss or m:ss): 0:08.98,c restarts              : 583,c decisions             : 5889994        (0.00 % random) (21403 /sec),c conflicts             : 232294         (844 /sec),c propagations          : 431121927      (1566600 /sec)
OVERVIEW_CSV,/nfs/scratch/bzchartu/unsat_2018_solved/terminator_03_true-unreach-call_true-termination.i.cnf,	Elapsed (wall clock) time (h:mm:ss or m:ss): 8:54.98,	Maximum resident set size (kbytes): 256792,780100	/local_ssd/proof.drat,	Elapsed (wall clock) time (h:mm:ss or m:ss): 2:19.88,700876	/local_ssd/proof.lrat,	Elapsed (wall clock) time (h:mm:ss or m:ss): 0:16.28,c restarts              : 2109,c decisions             : 5484306        (0.00 % random) (10293 /sec),c conflicts             : 1029894        (1933 /sec),c propagations          : 1588631305     (2981576 /sec)
OVERVIEW_CSV,/nfs/scratch/bzchartu/unsat_2018_solved/udiv35prop.cnf,	Elapsed (wall clock) time (h:mm:ss or m:ss): 23:15.69,	Maximum resident set size (kbytes): 66556,1267176	/local_ssd/proof.drat,	Elapsed (wall clock) time (h:mm:ss or m:ss): 1:20:57,21116336	/local_ssd/proof.lrat,	Elapsed (wall clock) time (h:mm:ss or m:ss): 8:44.69,c restarts              : 16479,c decisions             : 13625552       (0.00 % random) (9768 /sec),c conflicts             : 10214736       (7323 /sec),c propagations          : 2898422859     (2077865 /sec)
